[
{
    "fields": {
        "model": "permission",
        "name": "permission",
        "app_label": "auth"
    },
    "model": "contenttypes.contenttype",
    "pk": 1
},
{
    "fields": {
        "model": "group",
        "name": "group",
        "app_label": "auth"
    },
    "model": "contenttypes.contenttype",
    "pk": 2
},
{
    "fields": {
        "model": "user",
        "name": "user",
        "app_label": "auth"
    },
    "model": "contenttypes.contenttype",
    "pk": 3
},
{
    "fields": {
        "model": "contenttype",
        "name": "content type",
        "app_label": "contenttypes"
    },
    "model": "contenttypes.contenttype",
    "pk": 4
},
{
    "fields": {
        "model": "session",
        "name": "session",
        "app_label": "sessions"
    },
    "model": "contenttypes.contenttype",
    "pk": 5
},
{
    "fields": {
        "model": "site",
        "name": "site",
        "app_label": "sites"
    },
    "model": "contenttypes.contenttype",
    "pk": 6
},
{
    "fields": {
        "model": "logentry",
        "name": "log entry",
        "app_label": "admin"
    },
    "model": "contenttypes.contenttype",
    "pk": 7
},
{
    "fields": {
        "model": "revision",
        "name": "revision",
        "app_label": "reversion"
    },
    "model": "contenttypes.contenttype",
    "pk": 8
},
{
    "fields": {
        "model": "version",
        "name": "version",
        "app_label": "reversion"
    },
    "model": "contenttypes.contenttype",
    "pk": 9
},
{
    "fields": {
        "model": "employee",
        "name": "employee",
        "app_label": "users"
    },
    "model": "contenttypes.contenttype",
    "pk": 10
},
{
    "fields": {
        "model": "project",
        "name": "project",
        "app_label": "projects"
    },
    "model": "contenttypes.contenttype",
    "pk": 11
},
{
    "fields": {
        "model": "deliverable",
        "name": "deliverable",
        "app_label": "projects"
    },
    "model": "contenttypes.contenttype",
    "pk": 12
},
{
    "fields": {
        "model": "deliverablevolume",
        "name": "deliverable volume",
        "app_label": "projects"
    },
    "model": "contenttypes.contenttype",
    "pk": 13
},
{
    "fields": {
        "model": "domain",
        "name": "domain",
        "app_label": "services"
    },
    "model": "contenttypes.contenttype",
    "pk": 14
},
{
    "fields": {
        "model": "servicefamily",
        "name": "service family",
        "app_label": "services"
    },
    "model": "contenttypes.contenttype",
    "pk": 15
},
{
    "fields": {
        "model": "service",
        "name": "service",
        "app_label": "services"
    },
    "model": "contenttypes.contenttype",
    "pk": 16
},
{
    "fields": {
        "model": "skillcategory",
        "name": "skill category",
        "app_label": "qualifications"
    },
    "model": "contenttypes.contenttype",
    "pk": 17
},
{
    "fields": {
        "model": "skill",
        "name": "skill",
        "app_label": "qualifications"
    },
    "model": "contenttypes.contenttype",
    "pk": 18
},
{
    "fields": {
        "model": "job",
        "name": "job",
        "app_label": "qualifications"
    },
    "model": "contenttypes.contenttype",
    "pk": 19
},
{
    "fields": {
        "model": "profile",
        "name": "profile",
        "app_label": "qualifications"
    },
    "model": "contenttypes.contenttype",
    "pk": 20
},
{
    "fields": {
        "model": "employeeskill",
        "name": "employee skill",
        "app_label": "qualifications"
    },
    "model": "contenttypes.contenttype",
    "pk": 21
},
{
    "fields": {
        "model": "jobprofileskill",
        "name": "job profile skill",
        "app_label": "qualifications"
    },
    "model": "contenttypes.contenttype",
    "pk": 22
},
{
    "fields": {
        "model": "userobjectpermission",
        "name": "user object permission",
        "app_label": "guardian"
    },
    "model": "contenttypes.contenttype",
    "pk": 24
},
{
    "fields": {
        "model": "groupobjectpermission",
        "name": "group object permission",
        "app_label": "guardian"
    },
    "model": "contenttypes.contenttype",
    "pk": 25
},
{
    "fields": {
        "model": "position",
        "name": "position",
        "app_label": "qualifications"
    },
    "model": "contenttypes.contenttype",
    "pk": 26
},
{
    "fields": {
        "model": "employeeposition",
        "name": "employee position",
        "app_label": "qualifications"
    },
    "model": "contenttypes.contenttype",
    "pk": 27
},
{
    "fields": {
        "model": "report",
        "name": "report",
        "app_label": "reports"
    },
    "model": "contenttypes.contenttype",
    "pk": 28
},
{
    "fields": {
        "model": "location",
        "name": "location",
        "app_label": "qualifications"
    },
    "model": "contenttypes.contenttype",
    "pk": 29
},
{
    "fields": {
        "model": "employeepositionstatus",
        "name": "employee position status",
        "app_label": "qualifications"
    },
    "model": "contenttypes.contenttype",
    "pk": 30
},
{
    "fields": {
        "model": "positionstatus",
        "name": "position status",
        "app_label": "qualifications"
    },
    "model": "contenttypes.contenttype",
    "pk": 31
},
{
    "fields": {
        "model": "comment",
        "name": "comment",
        "app_label": "django_comments"
    },
    "model": "contenttypes.contenttype",
    "pk": 32
},
{
    "fields": {
        "model": "commentflag",
        "name": "comment flag",
        "app_label": "django_comments"
    },
    "model": "contenttypes.contenttype",
    "pk": 33
},
{
    "fields": {
        "expire_date": "2014-11-27T16:04:20",
        "session_data": "NjFhYTU2MzRhZDU2NTg4Nzk0MWMwOTY0MjExNDE4NGNmNmJlNmQxYTp7Il9hdXRoX3VzZXJfaGFzaCI6IjVmMDZkYWRmMTNkYzkyZGRhYjlmOTFkMmIyMTljZjUwNmEwNzY2NDIiLCJfYXV0aF91c2VyX2JhY2tlbmQiOiJkamFuZ28uY29udHJpYi5hdXRoLmJhY2tlbmRzLk1vZGVsQmFja2VuZCIsIl9hdXRoX3VzZXJfaWQiOjF9"
    },
    "model": "sessions.session",
    "pk": "02wtlupqcys43fxnujnsxlmc17r2aoq8"
},
{
    "fields": {
        "expire_date": "2015-01-26T14:40:55",
        "session_data": "NjFhYTU2MzRhZDU2NTg4Nzk0MWMwOTY0MjExNDE4NGNmNmJlNmQxYTp7Il9hdXRoX3VzZXJfaGFzaCI6IjVmMDZkYWRmMTNkYzkyZGRhYjlmOTFkMmIyMTljZjUwNmEwNzY2NDIiLCJfYXV0aF91c2VyX2JhY2tlbmQiOiJkamFuZ28uY29udHJpYi5hdXRoLmJhY2tlbmRzLk1vZGVsQmFja2VuZCIsIl9hdXRoX3VzZXJfaWQiOjF9"
    },
    "model": "sessions.session",
    "pk": "0fnyvwxbureh33o15egiahrwy9ay3z2a"
},
{
    "fields": {
        "expire_date": "2014-02-11T10:47:01",
        "session_data": "Y2NhZGExNTRmNzFlMWE4MTg4ODYxNzNjYjU5NzZjNWUxNjAyNzNjNzp7Il9hdXRoX3VzZXJfYmFja2VuZCI6ImRqYW5nby5jb250cmliLmF1dGguYmFja2VuZHMuTW9kZWxCYWNrZW5kIiwiX2F1dGhfdXNlcl9pZCI6MX0="
    },
    "model": "sessions.session",
    "pk": "106p4vzgju4xfgb6bkbgbk5aexpi5sej"
},
{
    "fields": {
        "expire_date": "2014-02-07T09:37:47",
        "session_data": "Y2Q2MGYzZjljMWJmZDJlMWJiZjllZjBkMTAwMGFlNTJhMTQ1Mzc0Mjp7Il9hdXRoX3VzZXJfYmFja2VuZCI6ImRqYW5nby5jb250cmliLmF1dGguYmFja2VuZHMuTW9kZWxCYWNrZW5kIiwiX2F1dGhfdXNlcl9pZCI6Mn0="
    },
    "model": "sessions.session",
    "pk": "19tmel8xci0qnu5yys2gqix4nyvbx4pg"
},
{
    "fields": {
        "expire_date": "2014-07-18T16:00:37",
        "session_data": "YmM0ZTg1YzYxNzE0MTk2OWViYmRlZjI3NTcxMDdkNjc1ZWViMDY2MTp7fQ=="
    },
    "model": "sessions.session",
    "pk": "1h39p7z55tmfw2tgrz35pi817jeizwro"
},
{
    "fields": {
        "expire_date": "2014-07-18T11:27:33",
        "session_data": "Y2NhZGExNTRmNzFlMWE4MTg4ODYxNzNjYjU5NzZjNWUxNjAyNzNjNzp7Il9hdXRoX3VzZXJfYmFja2VuZCI6ImRqYW5nby5jb250cmliLmF1dGguYmFja2VuZHMuTW9kZWxCYWNrZW5kIiwiX2F1dGhfdXNlcl9pZCI6MX0="
    },
    "model": "sessions.session",
    "pk": "1st8l1nbg3qez8l1kiqy0c9mhfjioh46"
},
{
    "fields": {
        "expire_date": "2014-12-19T13:48:12",
        "session_data": "NjFhYTU2MzRhZDU2NTg4Nzk0MWMwOTY0MjExNDE4NGNmNmJlNmQxYTp7Il9hdXRoX3VzZXJfaGFzaCI6IjVmMDZkYWRmMTNkYzkyZGRhYjlmOTFkMmIyMTljZjUwNmEwNzY2NDIiLCJfYXV0aF91c2VyX2JhY2tlbmQiOiJkamFuZ28uY29udHJpYi5hdXRoLmJhY2tlbmRzLk1vZGVsQmFja2VuZCIsIl9hdXRoX3VzZXJfaWQiOjF9"
    },
    "model": "sessions.session",
    "pk": "2qc8x8c2d4pidz0sokrlvxcmrc3qt4ve"
},
{
    "fields": {
        "expire_date": "2014-12-18T11:03:06",
        "session_data": "NjFhYTU2MzRhZDU2NTg4Nzk0MWMwOTY0MjExNDE4NGNmNmJlNmQxYTp7Il9hdXRoX3VzZXJfaGFzaCI6IjVmMDZkYWRmMTNkYzkyZGRhYjlmOTFkMmIyMTljZjUwNmEwNzY2NDIiLCJfYXV0aF91c2VyX2JhY2tlbmQiOiJkamFuZ28uY29udHJpYi5hdXRoLmJhY2tlbmRzLk1vZGVsQmFja2VuZCIsIl9hdXRoX3VzZXJfaWQiOjF9"
    },
    "model": "sessions.session",
    "pk": "325e9cei2y06rc4yscs7gs0t8etx7xub"
},
{
    "fields": {
        "expire_date": "2015-01-26T14:37:07",
        "session_data": "NjFhYTU2MzRhZDU2NTg4Nzk0MWMwOTY0MjExNDE4NGNmNmJlNmQxYTp7Il9hdXRoX3VzZXJfaGFzaCI6IjVmMDZkYWRmMTNkYzkyZGRhYjlmOTFkMmIyMTljZjUwNmEwNzY2NDIiLCJfYXV0aF91c2VyX2JhY2tlbmQiOiJkamFuZ28uY29udHJpYi5hdXRoLmJhY2tlbmRzLk1vZGVsQmFja2VuZCIsIl9hdXRoX3VzZXJfaWQiOjF9"
    },
    "model": "sessions.session",
    "pk": "3ku9kpn0m2oxgjlzdpbu5j9mhlewp64j"
},
{
    "fields": {
        "expire_date": "2015-01-27T17:00:16",
        "session_data": "NjFhYTU2MzRhZDU2NTg4Nzk0MWMwOTY0MjExNDE4NGNmNmJlNmQxYTp7Il9hdXRoX3VzZXJfaGFzaCI6IjVmMDZkYWRmMTNkYzkyZGRhYjlmOTFkMmIyMTljZjUwNmEwNzY2NDIiLCJfYXV0aF91c2VyX2JhY2tlbmQiOiJkamFuZ28uY29udHJpYi5hdXRoLmJhY2tlbmRzLk1vZGVsQmFja2VuZCIsIl9hdXRoX3VzZXJfaWQiOjF9"
    },
    "model": "sessions.session",
    "pk": "3qgalan975ynmwjxfraawwp2dz8ajnod"
},
{
    "fields": {
        "expire_date": "2014-03-11T16:58:36",
        "session_data": "Y2NhZGExNTRmNzFlMWE4MTg4ODYxNzNjYjU5NzZjNWUxNjAyNzNjNzp7Il9hdXRoX3VzZXJfYmFja2VuZCI6ImRqYW5nby5jb250cmliLmF1dGguYmFja2VuZHMuTW9kZWxCYWNrZW5kIiwiX2F1dGhfdXNlcl9pZCI6MX0="
    },
    "model": "sessions.session",
    "pk": "4a0c108fgxsjtt3td14jgcqwfg8p2cw5"
},
{
    "fields": {
        "expire_date": "2014-12-12T11:32:46",
        "session_data": "NjFhYTU2MzRhZDU2NTg4Nzk0MWMwOTY0MjExNDE4NGNmNmJlNmQxYTp7Il9hdXRoX3VzZXJfaGFzaCI6IjVmMDZkYWRmMTNkYzkyZGRhYjlmOTFkMmIyMTljZjUwNmEwNzY2NDIiLCJfYXV0aF91c2VyX2JhY2tlbmQiOiJkamFuZ28uY29udHJpYi5hdXRoLmJhY2tlbmRzLk1vZGVsQmFja2VuZCIsIl9hdXRoX3VzZXJfaWQiOjF9"
    },
    "model": "sessions.session",
    "pk": "4m29w0sj1ywdqlat04lyxtfja35vlrjk"
},
{
    "fields": {
        "expire_date": "2014-11-13T09:55:49",
        "session_data": "NjFhYTU2MzRhZDU2NTg4Nzk0MWMwOTY0MjExNDE4NGNmNmJlNmQxYTp7Il9hdXRoX3VzZXJfaGFzaCI6IjVmMDZkYWRmMTNkYzkyZGRhYjlmOTFkMmIyMTljZjUwNmEwNzY2NDIiLCJfYXV0aF91c2VyX2JhY2tlbmQiOiJkamFuZ28uY29udHJpYi5hdXRoLmJhY2tlbmRzLk1vZGVsQmFja2VuZCIsIl9hdXRoX3VzZXJfaWQiOjF9"
    },
    "model": "sessions.session",
    "pk": "4v1kqwcnvpyleh7lt97wumilie5zdnkb"
},
{
    "fields": {
        "expire_date": "2014-09-22T16:41:42",
        "session_data": "Y2NhZGExNTRmNzFlMWE4MTg4ODYxNzNjYjU5NzZjNWUxNjAyNzNjNzp7Il9hdXRoX3VzZXJfYmFja2VuZCI6ImRqYW5nby5jb250cmliLmF1dGguYmFja2VuZHMuTW9kZWxCYWNrZW5kIiwiX2F1dGhfdXNlcl9pZCI6MX0="
    },
    "model": "sessions.session",
    "pk": "5nd8kl17zjjfxz2cbviiyit0p37xwm7v"
},
{
    "fields": {
        "expire_date": "2014-08-06T14:22:14",
        "session_data": "ZGEzYWU1ZTQxMjQxYWYwZDllODM2MjYxZWVjZmJlNzAwZTZiODQwYzp7Il9hdXRoX3VzZXJfYmFja2VuZCI6ImRqYW5nby5jb250cmliLmF1dGguYmFja2VuZHMuTW9kZWxCYWNrZW5kIiwiX2F1dGhfdXNlcl9pZCI6OH0="
    },
    "model": "sessions.session",
    "pk": "77sxcg7n9bdi9g5nd39undvygax8ditm"
},
{
    "fields": {
        "expire_date": "2014-02-06T12:59:36",
        "session_data": "Y2Q2MGYzZjljMWJmZDJlMWJiZjllZjBkMTAwMGFlNTJhMTQ1Mzc0Mjp7Il9hdXRoX3VzZXJfYmFja2VuZCI6ImRqYW5nby5jb250cmliLmF1dGguYmFja2VuZHMuTW9kZWxCYWNrZW5kIiwiX2F1dGhfdXNlcl9pZCI6Mn0="
    },
    "model": "sessions.session",
    "pk": "86r49o5xcw5owojawjgfe56bp0pu4rv2"
},
{
    "fields": {
        "expire_date": "2014-02-10T15:09:21",
        "session_data": "Y2NhZGExNTRmNzFlMWE4MTg4ODYxNzNjYjU5NzZjNWUxNjAyNzNjNzp7Il9hdXRoX3VzZXJfYmFja2VuZCI6ImRqYW5nby5jb250cmliLmF1dGguYmFja2VuZHMuTW9kZWxCYWNrZW5kIiwiX2F1dGhfdXNlcl9pZCI6MX0="
    },
    "model": "sessions.session",
    "pk": "8m4igaqb70ubdy453a48wtuj5rwib470"
},
{
    "fields": {
        "expire_date": "2014-02-07T15:48:28",
        "session_data": "Y2NhZGExNTRmNzFlMWE4MTg4ODYxNzNjYjU5NzZjNWUxNjAyNzNjNzp7Il9hdXRoX3VzZXJfYmFja2VuZCI6ImRqYW5nby5jb250cmliLmF1dGguYmFja2VuZHMuTW9kZWxCYWNrZW5kIiwiX2F1dGhfdXNlcl9pZCI6MX0="
    },
    "model": "sessions.session",
    "pk": "a0y97ngh7b76dcfdx388oi3ha4jnpxl4"
},
{
    "fields": {
        "expire_date": "2014-08-18T10:23:04",
        "session_data": "Y2NhZGExNTRmNzFlMWE4MTg4ODYxNzNjYjU5NzZjNWUxNjAyNzNjNzp7Il9hdXRoX3VzZXJfYmFja2VuZCI6ImRqYW5nby5jb250cmliLmF1dGguYmFja2VuZHMuTW9kZWxCYWNrZW5kIiwiX2F1dGhfdXNlcl9pZCI6MX0="
    },
    "model": "sessions.session",
    "pk": "a9xhm2bks7gpsrzkhd8ia9va65slkvf9"
},
{
    "fields": {
        "expire_date": "2014-01-31T13:51:22",
        "session_data": "NGYzMjk4ZmYxOWU4Nzg1YWJjNzg0ODFkMWY3Mzg3Yjk0NmQ4MDM0YzqAAn1xAVUKdGVzdGNvb2tp\nZXECVQZ3b3JrZWRxA3Mu\n"
    },
    "model": "sessions.session",
    "pk": "b79c1c98d27d4ca49078d399da01f01a"
},
{
    "fields": {
        "expire_date": "2014-04-25T13:36:30",
        "session_data": "Y2NhZGExNTRmNzFlMWE4MTg4ODYxNzNjYjU5NzZjNWUxNjAyNzNjNzp7Il9hdXRoX3VzZXJfYmFja2VuZCI6ImRqYW5nby5jb250cmliLmF1dGguYmFja2VuZHMuTW9kZWxCYWNrZW5kIiwiX2F1dGhfdXNlcl9pZCI6MX0="
    },
    "model": "sessions.session",
    "pk": "bv24qzcxwlqqc5hob37ghz0ao4vx5c0a"
},
{
    "fields": {
        "expire_date": "2014-02-17T14:19:19",
        "session_data": "ZGEzYWU1ZTQxMjQxYWYwZDllODM2MjYxZWVjZmJlNzAwZTZiODQwYzp7Il9hdXRoX3VzZXJfYmFja2VuZCI6ImRqYW5nby5jb250cmliLmF1dGguYmFja2VuZHMuTW9kZWxCYWNrZW5kIiwiX2F1dGhfdXNlcl9pZCI6OH0="
    },
    "model": "sessions.session",
    "pk": "c24awra7vkhu2btvn3pkn8blukivv2b8"
},
{
    "fields": {
        "expire_date": "2014-07-18T11:55:36",
        "session_data": "Y2NhZGExNTRmNzFlMWE4MTg4ODYxNzNjYjU5NzZjNWUxNjAyNzNjNzp7Il9hdXRoX3VzZXJfYmFja2VuZCI6ImRqYW5nby5jb250cmliLmF1dGguYmFja2VuZHMuTW9kZWxCYWNrZW5kIiwiX2F1dGhfdXNlcl9pZCI6MX0="
    },
    "model": "sessions.session",
    "pk": "dqeajl15uyytmy704f73t99mdtyb7a8t"
},
{
    "fields": {
        "expire_date": "2014-02-04T11:16:45",
        "session_data": "Y2Q2MGYzZjljMWJmZDJlMWJiZjllZjBkMTAwMGFlNTJhMTQ1Mzc0Mjp7Il9hdXRoX3VzZXJfYmFja2VuZCI6ImRqYW5nby5jb250cmliLmF1dGguYmFja2VuZHMuTW9kZWxCYWNrZW5kIiwiX2F1dGhfdXNlcl9pZCI6Mn0="
    },
    "model": "sessions.session",
    "pk": "eccwg66wmo90y4hshfyvflrxa749271k"
},
{
    "fields": {
        "expire_date": "2014-11-19T15:55:55",
        "session_data": "NjFhYTU2MzRhZDU2NTg4Nzk0MWMwOTY0MjExNDE4NGNmNmJlNmQxYTp7Il9hdXRoX3VzZXJfaGFzaCI6IjVmMDZkYWRmMTNkYzkyZGRhYjlmOTFkMmIyMTljZjUwNmEwNzY2NDIiLCJfYXV0aF91c2VyX2JhY2tlbmQiOiJkamFuZ28uY29udHJpYi5hdXRoLmJhY2tlbmRzLk1vZGVsQmFja2VuZCIsIl9hdXRoX3VzZXJfaWQiOjF9"
    },
    "model": "sessions.session",
    "pk": "ezyk94trmfop4tcuec9vq76la42btw7b"
},
{
    "fields": {
        "expire_date": "2014-11-19T15:51:18",
        "session_data": "NjFhYTU2MzRhZDU2NTg4Nzk0MWMwOTY0MjExNDE4NGNmNmJlNmQxYTp7Il9hdXRoX3VzZXJfaGFzaCI6IjVmMDZkYWRmMTNkYzkyZGRhYjlmOTFkMmIyMTljZjUwNmEwNzY2NDIiLCJfYXV0aF91c2VyX2JhY2tlbmQiOiJkamFuZ28uY29udHJpYi5hdXRoLmJhY2tlbmRzLk1vZGVsQmFja2VuZCIsIl9hdXRoX3VzZXJfaWQiOjF9"
    },
    "model": "sessions.session",
    "pk": "f3e40imrkrmwx5n7j3n5fz3wzg8q2qco"
},
{
    "fields": {
        "expire_date": "2014-02-17T14:24:29",
        "session_data": "ZGEzYWU1ZTQxMjQxYWYwZDllODM2MjYxZWVjZmJlNzAwZTZiODQwYzp7Il9hdXRoX3VzZXJfYmFja2VuZCI6ImRqYW5nby5jb250cmliLmF1dGguYmFja2VuZHMuTW9kZWxCYWNrZW5kIiwiX2F1dGhfdXNlcl9pZCI6OH0="
    },
    "model": "sessions.session",
    "pk": "fcqpr6gs4rx3qn9ee2b13xod84e0h87j"
},
{
    "fields": {
        "expire_date": "2014-10-09T15:56:45",
        "session_data": "Y2NhZGExNTRmNzFlMWE4MTg4ODYxNzNjYjU5NzZjNWUxNjAyNzNjNzp7Il9hdXRoX3VzZXJfYmFja2VuZCI6ImRqYW5nby5jb250cmliLmF1dGguYmFja2VuZHMuTW9kZWxCYWNrZW5kIiwiX2F1dGhfdXNlcl9pZCI6MX0="
    },
    "model": "sessions.session",
    "pk": "fhaqgmx7cd55x8iwnmdfrwfsl1kj5qc9"
},
{
    "fields": {
        "expire_date": "2015-01-27T17:05:36",
        "session_data": "YmM0ZTg1YzYxNzE0MTk2OWViYmRlZjI3NTcxMDdkNjc1ZWViMDY2MTp7fQ=="
    },
    "model": "sessions.session",
    "pk": "gm0qse52wor9fw8ag5jg2qv4ohlgwpcl"
},
{
    "fields": {
        "expire_date": "2014-12-02T17:08:42",
        "session_data": "NjFhYTU2MzRhZDU2NTg4Nzk0MWMwOTY0MjExNDE4NGNmNmJlNmQxYTp7Il9hdXRoX3VzZXJfaGFzaCI6IjVmMDZkYWRmMTNkYzkyZGRhYjlmOTFkMmIyMTljZjUwNmEwNzY2NDIiLCJfYXV0aF91c2VyX2JhY2tlbmQiOiJkamFuZ28uY29udHJpYi5hdXRoLmJhY2tlbmRzLk1vZGVsQmFja2VuZCIsIl9hdXRoX3VzZXJfaWQiOjF9"
    },
    "model": "sessions.session",
    "pk": "hn7gnnut48tmrsc801omz82sx19r6otg"
},
{
    "fields": {
        "expire_date": "2014-11-19T15:33:47",
        "session_data": "NjFhYTU2MzRhZDU2NTg4Nzk0MWMwOTY0MjExNDE4NGNmNmJlNmQxYTp7Il9hdXRoX3VzZXJfaGFzaCI6IjVmMDZkYWRmMTNkYzkyZGRhYjlmOTFkMmIyMTljZjUwNmEwNzY2NDIiLCJfYXV0aF91c2VyX2JhY2tlbmQiOiJkamFuZ28uY29udHJpYi5hdXRoLmJhY2tlbmRzLk1vZGVsQmFja2VuZCIsIl9hdXRoX3VzZXJfaWQiOjF9"
    },
    "model": "sessions.session",
    "pk": "igdi22l61ibp0lcb07junabd29syti87"
},
{
    "fields": {
        "expire_date": "2014-07-16T15:18:11",
        "session_data": "ZGEzYWU1ZTQxMjQxYWYwZDllODM2MjYxZWVjZmJlNzAwZTZiODQwYzp7Il9hdXRoX3VzZXJfYmFja2VuZCI6ImRqYW5nby5jb250cmliLmF1dGguYmFja2VuZHMuTW9kZWxCYWNrZW5kIiwiX2F1dGhfdXNlcl9pZCI6OH0="
    },
    "model": "sessions.session",
    "pk": "it0cch4f7ioxmqzvdix2ut7t066ubcon"
},
{
    "fields": {
        "expire_date": "2014-07-18T12:00:01",
        "session_data": "YzJiN2Q1MDkzZGQzNGQyN2VhMDIzZjAyNDE1Njk2M2Y0ZjYyZjk0OTp7Il9hdXRoX3VzZXJfYmFja2VuZCI6ImRqYW5nby5jb250cmliLmF1dGguYmFja2VuZHMuTW9kZWxCYWNrZW5kIiwiX2F1dGhfdXNlcl9pZCI6NH0="
    },
    "model": "sessions.session",
    "pk": "iz4b4d5h5wcsd0vg4ghabywc8o011ft1"
},
{
    "fields": {
        "expire_date": "2014-11-18T11:02:14",
        "session_data": "NjFhYTU2MzRhZDU2NTg4Nzk0MWMwOTY0MjExNDE4NGNmNmJlNmQxYTp7Il9hdXRoX3VzZXJfaGFzaCI6IjVmMDZkYWRmMTNkYzkyZGRhYjlmOTFkMmIyMTljZjUwNmEwNzY2NDIiLCJfYXV0aF91c2VyX2JhY2tlbmQiOiJkamFuZ28uY29udHJpYi5hdXRoLmJhY2tlbmRzLk1vZGVsQmFja2VuZCIsIl9hdXRoX3VzZXJfaWQiOjF9"
    },
    "model": "sessions.session",
    "pk": "l6fwwghkz0hj85oxb4g7uw040gvaq7m1"
},
{
    "fields": {
        "expire_date": "2014-12-18T14:01:52",
        "session_data": "NjFhYTU2MzRhZDU2NTg4Nzk0MWMwOTY0MjExNDE4NGNmNmJlNmQxYTp7Il9hdXRoX3VzZXJfaGFzaCI6IjVmMDZkYWRmMTNkYzkyZGRhYjlmOTFkMmIyMTljZjUwNmEwNzY2NDIiLCJfYXV0aF91c2VyX2JhY2tlbmQiOiJkamFuZ28uY29udHJpYi5hdXRoLmJhY2tlbmRzLk1vZGVsQmFja2VuZCIsIl9hdXRoX3VzZXJfaWQiOjF9"
    },
    "model": "sessions.session",
    "pk": "n0sgsaju56k8gkaoizhgsoizxq01ms2v"
},
{
    "fields": {
        "expire_date": "2014-12-30T13:35:04",
        "session_data": "NjFhYTU2MzRhZDU2NTg4Nzk0MWMwOTY0MjExNDE4NGNmNmJlNmQxYTp7Il9hdXRoX3VzZXJfaGFzaCI6IjVmMDZkYWRmMTNkYzkyZGRhYjlmOTFkMmIyMTljZjUwNmEwNzY2NDIiLCJfYXV0aF91c2VyX2JhY2tlbmQiOiJkamFuZ28uY29udHJpYi5hdXRoLmJhY2tlbmRzLk1vZGVsQmFja2VuZCIsIl9hdXRoX3VzZXJfaWQiOjF9"
    },
    "model": "sessions.session",
    "pk": "n0w47bhwswmgajd7dncerqpljtfhhbme"
},
{
    "fields": {
        "expire_date": "2014-11-25T14:40:46",
        "session_data": "YzliNjIxYjczMDNiOWRmY2FiZmY2MzgxMmU1YmI0NDQyOTRmMjBjZTp7Il9hdXRoX3VzZXJfaGFzaCI6ImM5MGNmMjQ1ZDg5ZWQ5NmY2NjUxZGM0ZmYxZTdhMmU2NGUxZTk2OWEiLCJfYXV0aF91c2VyX2JhY2tlbmQiOiJkamFuZ28uY29udHJpYi5hdXRoLmJhY2tlbmRzLk1vZGVsQmFja2VuZCIsIl9hdXRoX3VzZXJfaWQiOjQ1fQ=="
    },
    "model": "sessions.session",
    "pk": "nzz8ar3ik6p00clycaxk767ru7ukp90r"
},
{
    "fields": {
        "expire_date": "2014-02-25T14:41:25",
        "session_data": "Y2NhZGExNTRmNzFlMWE4MTg4ODYxNzNjYjU5NzZjNWUxNjAyNzNjNzp7Il9hdXRoX3VzZXJfYmFja2VuZCI6ImRqYW5nby5jb250cmliLmF1dGguYmFja2VuZHMuTW9kZWxCYWNrZW5kIiwiX2F1dGhfdXNlcl9pZCI6MX0="
    },
    "model": "sessions.session",
    "pk": "o34mnu9esvoywql7pws9rpms6xqt88rc"
},
{
    "fields": {
        "expire_date": "2014-11-03T14:49:05",
        "session_data": "NjFhYTU2MzRhZDU2NTg4Nzk0MWMwOTY0MjExNDE4NGNmNmJlNmQxYTp7Il9hdXRoX3VzZXJfaGFzaCI6IjVmMDZkYWRmMTNkYzkyZGRhYjlmOTFkMmIyMTljZjUwNmEwNzY2NDIiLCJfYXV0aF91c2VyX2JhY2tlbmQiOiJkamFuZ28uY29udHJpYi5hdXRoLmJhY2tlbmRzLk1vZGVsQmFja2VuZCIsIl9hdXRoX3VzZXJfaWQiOjF9"
    },
    "model": "sessions.session",
    "pk": "obplp6iyvfwbqlk99q5gs6lj894ujwxx"
},
{
    "fields": {
        "expire_date": "2014-02-04T07:41:04",
        "session_data": "Y2Q2MGYzZjljMWJmZDJlMWJiZjllZjBkMTAwMGFlNTJhMTQ1Mzc0Mjp7Il9hdXRoX3VzZXJfYmFja2VuZCI6ImRqYW5nby5jb250cmliLmF1dGguYmFja2VuZHMuTW9kZWxCYWNrZW5kIiwiX2F1dGhfdXNlcl9pZCI6Mn0="
    },
    "model": "sessions.session",
    "pk": "ova7kvzwfjuafuzjhgprqfr9qtvlbhrn"
},
{
    "fields": {
        "expire_date": "2014-09-03T11:29:32",
        "session_data": "Y2NhZGExNTRmNzFlMWE4MTg4ODYxNzNjYjU5NzZjNWUxNjAyNzNjNzp7Il9hdXRoX3VzZXJfYmFja2VuZCI6ImRqYW5nby5jb250cmliLmF1dGguYmFja2VuZHMuTW9kZWxCYWNrZW5kIiwiX2F1dGhfdXNlcl9pZCI6MX0="
    },
    "model": "sessions.session",
    "pk": "pk2hyvf3qgzivwnfqnar05eef1uwm23k"
},
{
    "fields": {
        "expire_date": "2014-07-23T11:10:08",
        "session_data": "OTU5ODQ4OTNhNTQ0NTc3OTJkZTg2MTBhZGY3MzA1OTgxYTkyMDI0NDp7Il9hdXRoX3VzZXJfYmFja2VuZCI6ImRqYW5nby5jb250cmliLmF1dGguYmFja2VuZHMuTW9kZWxCYWNrZW5kIiwiX2F1dGhfdXNlcl9pZCI6MTB9"
    },
    "model": "sessions.session",
    "pk": "r6ur8wwz4kkihqetrs0o6aedo4rib1m0"
},
{
    "fields": {
        "expire_date": "2014-07-16T17:04:12",
        "session_data": "ZGEzYWU1ZTQxMjQxYWYwZDllODM2MjYxZWVjZmJlNzAwZTZiODQwYzp7Il9hdXRoX3VzZXJfYmFja2VuZCI6ImRqYW5nby5jb250cmliLmF1dGguYmFja2VuZHMuTW9kZWxCYWNrZW5kIiwiX2F1dGhfdXNlcl9pZCI6OH0="
    },
    "model": "sessions.session",
    "pk": "rg3m2y4w6hw9x6zlkvmmsh2i24zyis28"
},
{
    "fields": {
        "expire_date": "2014-11-04T11:17:23",
        "session_data": "NjFhYTU2MzRhZDU2NTg4Nzk0MWMwOTY0MjExNDE4NGNmNmJlNmQxYTp7Il9hdXRoX3VzZXJfaGFzaCI6IjVmMDZkYWRmMTNkYzkyZGRhYjlmOTFkMmIyMTljZjUwNmEwNzY2NDIiLCJfYXV0aF91c2VyX2JhY2tlbmQiOiJkamFuZ28uY29udHJpYi5hdXRoLmJhY2tlbmRzLk1vZGVsQmFja2VuZCIsIl9hdXRoX3VzZXJfaWQiOjF9"
    },
    "model": "sessions.session",
    "pk": "s9c5cn3ai0poson2eads1vyshfaq51hq"
},
{
    "fields": {
        "expire_date": "2014-12-18T11:58:57",
        "session_data": "ZmY2MmUxMjU0MWViZDIyZmVmMTkwM2JkMzMzNTY1NTFhOTcxNDAwOTp7Il9hdXRoX3VzZXJfaGFzaCI6IjQ1OWIzOTIwODE0MDdmYTEwNmU2NTBjY2JhZTQ5ZGZhM2YxMDIwYjgiLCJfYXV0aF91c2VyX2JhY2tlbmQiOiJkamFuZ28uY29udHJpYi5hdXRoLmJhY2tlbmRzLk1vZGVsQmFja2VuZCIsIl9hdXRoX3VzZXJfaWQiOjR9"
    },
    "model": "sessions.session",
    "pk": "sbufvwqhjji30875blemvkypxe82dcj9"
},
{
    "fields": {
        "expire_date": "2014-07-29T12:10:44",
        "session_data": "Y2NhZGExNTRmNzFlMWE4MTg4ODYxNzNjYjU5NzZjNWUxNjAyNzNjNzp7Il9hdXRoX3VzZXJfYmFja2VuZCI6ImRqYW5nby5jb250cmliLmF1dGguYmFja2VuZHMuTW9kZWxCYWNrZW5kIiwiX2F1dGhfdXNlcl9pZCI6MX0="
    },
    "model": "sessions.session",
    "pk": "vfmzhgx6t4ydzun33l3kto96s8eqi0va"
},
{
    "fields": {
        "expire_date": "2014-08-12T13:42:07",
        "session_data": "ZGEzYWU1ZTQxMjQxYWYwZDllODM2MjYxZWVjZmJlNzAwZTZiODQwYzp7Il9hdXRoX3VzZXJfYmFja2VuZCI6ImRqYW5nby5jb250cmliLmF1dGguYmFja2VuZHMuTW9kZWxCYWNrZW5kIiwiX2F1dGhfdXNlcl9pZCI6OH0="
    },
    "model": "sessions.session",
    "pk": "vnd29b1ep6qhed234g3nqqa32bwf3mu3"
},
{
    "fields": {
        "expire_date": "2014-03-26T17:49:28",
        "session_data": "Y2NhZGExNTRmNzFlMWE4MTg4ODYxNzNjYjU5NzZjNWUxNjAyNzNjNzp7Il9hdXRoX3VzZXJfYmFja2VuZCI6ImRqYW5nby5jb250cmliLmF1dGguYmFja2VuZHMuTW9kZWxCYWNrZW5kIiwiX2F1dGhfdXNlcl9pZCI6MX0="
    },
    "model": "sessions.session",
    "pk": "xhzcec29tq53joaykpe0pt11a38a9d23"
},
{
    "fields": {
        "expire_date": "2014-05-14T14:21:29",
        "session_data": "Y2NhZGExNTRmNzFlMWE4MTg4ODYxNzNjYjU5NzZjNWUxNjAyNzNjNzp7Il9hdXRoX3VzZXJfYmFja2VuZCI6ImRqYW5nby5jb250cmliLmF1dGguYmFja2VuZHMuTW9kZWxCYWNrZW5kIiwiX2F1dGhfdXNlcl9pZCI6MX0="
    },
    "model": "sessions.session",
    "pk": "xpme9w9ts6u37pdvsldkbftldo5eufwm"
},
{
    "fields": {
        "expire_date": "2014-09-22T17:49:28",
        "session_data": "ZDdjMTI5NWRlYThkNWY2ZjA4YWZjZjU1Y2FlYTVjNGZhMDViYzhhMDp7Il9hdXRoX3VzZXJfYmFja2VuZCI6ImRqYW5nby5jb250cmliLmF1dGguYmFja2VuZHMuTW9kZWxCYWNrZW5kIiwiX2F1dGhfdXNlcl9pZCI6MTF9"
    },
    "model": "sessions.session",
    "pk": "ymc3y6qb4gu7kwx6acjwa5vu441m1i30"
},
{
    "fields": {
        "expire_date": "2014-02-05T07:57:50",
        "session_data": "Y2Q2MGYzZjljMWJmZDJlMWJiZjllZjBkMTAwMGFlNTJhMTQ1Mzc0Mjp7Il9hdXRoX3VzZXJfYmFja2VuZCI6ImRqYW5nby5jb250cmliLmF1dGguYmFja2VuZHMuTW9kZWxCYWNrZW5kIiwiX2F1dGhfdXNlcl9pZCI6Mn0="
    },
    "model": "sessions.session",
    "pk": "yp5p7e9axqrbea8bsk6qsg7uypvmtrli"
},
{
    "fields": {
        "domain": "example.com",
        "name": "example.com"
    },
    "model": "sites.site",
    "pk": 1
},
{
    "fields": {
        "format": "json",
        "object_repr": "DMU",
        "object_id": "1",
        "content_type": 14,
        "object_id_int": 1,
        "serialized_data": "[{\"pk\": 1, \"model\": \"services.domain\", \"fields\": {\"owner\": 1, \"is_active\": true, \"name\": \"DMU\", \"description\": \"Digital Mock Up\"}}]",
        "revision": 1
    },
    "model": "reversion.version",
    "pk": 1
},
{
    "fields": {
        "format": "json",
        "object_repr": "DMU Quality",
        "object_id": "1",
        "content_type": 15,
        "object_id_int": 1,
        "serialized_data": "[{\"pk\": 1, \"model\": \"services.servicefamily\", \"fields\": {\"owner\": 1, \"domain\": 1, \"is_active\": true, \"name\": \"DMU Quality\", \"description\": \"Ensuring DMU is at the right Quality level\"}}]",
        "revision": 2
    },
    "model": "reversion.version",
    "pk": 2
},
{
    "fields": {
        "format": "json",
        "object_repr": "DMU Quality",
        "object_id": "1",
        "content_type": 15,
        "object_id_int": 1,
        "serialized_data": "[{\"pk\": 1, \"model\": \"services.servicefamily\", \"fields\": {\"owner\": 4, \"domain\": 1, \"is_active\": true, \"name\": \"DMU Quality\", \"description\": \"Ensuring DMU is at the right Quality level\"}}]",
        "revision": 3
    },
    "model": "reversion.version",
    "pk": 3
},
{
    "fields": {
        "format": "json",
        "object_repr": "DMU Simulations",
        "object_id": "2",
        "content_type": 15,
        "object_id_int": 2,
        "serialized_data": "[{\"pk\": 2, \"model\": \"services.servicefamily\", \"fields\": {\"owner\": 5, \"domain\": 1, \"is_active\": true, \"name\": \"DMU Simulations\", \"description\": \"Using the DMU to perform advanced simulations and analysis\"}}]",
        "revision": 4
    },
    "model": "reversion.version",
    "pk": 4
},
{
    "fields": {
        "format": "json",
        "object_repr": "DMU PM&T",
        "object_id": "3",
        "content_type": 15,
        "object_id_int": 3,
        "serialized_data": "[{\"pk\": 3, \"model\": \"services.servicefamily\", \"fields\": {\"owner\": 6, \"domain\": 1, \"is_active\": true, \"name\": \"DMU PM&T\", \"description\": \"DMU Process, Methods and Tools\"}}]",
        "revision": 5
    },
    "model": "reversion.version",
    "pk": 5
},
{
    "fields": {
        "format": "json",
        "object_repr": "DMU Quality : DMU Quality Checks",
        "object_id": "1",
        "content_type": 16,
        "object_id_int": 1,
        "serialized_data": "[{\"pk\": 1, \"model\": \"services.service\", \"fields\": {\"owner\": 3, \"service_family\": 1, \"is_active\": true, \"name\": \"DMU Quality Checks\", \"description\": \"Check conformity with DMU rules (visibility, clashes, position\\u2026) or Design Rules (Clearances, Bend radii, diameters\\u2026)\"}}]",
        "revision": 6
    },
    "model": "reversion.version",
    "pk": 6
},
{
    "fields": {
        "format": "json",
        "object_repr": "DMU Quality : DMU Extraction",
        "object_id": "2",
        "content_type": 16,
        "object_id_int": 2,
        "serialized_data": "[{\"pk\": 2, \"model\": \"services.service\", \"fields\": {\"owner\": 3, \"service_family\": 1, \"is_active\": true, \"name\": \"DMU Extraction\", \"description\": \"Extract data from DMU, filtering out unnecessary information and optionally convert it to another format\\r\\n\"}}]",
        "revision": 7
    },
    "model": "reversion.version",
    "pk": 7
},
{
    "fields": {
        "format": "json",
        "object_repr": "DMU Quality : Trouble Management",
        "object_id": "3",
        "content_type": 16,
        "object_id_int": 3,
        "serialized_data": "[{\"pk\": 3, \"model\": \"services.service\", \"fields\": {\"owner\": 3, \"service_family\": 1, \"is_active\": true, \"name\": \"Trouble Management\", \"description\": \"Analyse, Follow up and report on Trouble (DMU identified issues, like clashes)\"}}]",
        "revision": 8
    },
    "model": "reversion.version",
    "pk": 8
},
{
    "fields": {
        "format": "json",
        "object_repr": "DMU Quality : Product Structure Administration",
        "object_id": "4",
        "content_type": 16,
        "object_id_int": 4,
        "serialized_data": "[{\"pk\": 4, \"model\": \"services.service\", \"fields\": {\"owner\": 4, \"service_family\": 1, \"is_active\": true, \"name\": \"Product Structure Administration\", \"description\": \"Manage Product Structure nodes at Top Level, ensure consistency, attach Design Data\"}}]",
        "revision": 9
    },
    "model": "reversion.version",
    "pk": 9
},
{
    "fields": {
        "format": "json",
        "object_repr": "DMU Quality : DMU Reviews",
        "object_id": "5",
        "content_type": 16,
        "object_id_int": 5,
        "serialized_data": "[{\"pk\": 5, \"model\": \"services.service\", \"fields\": {\"owner\": 4, \"service_family\": 1, \"is_active\": true, \"name\": \"DMU Reviews\", \"description\": \"Prepare and Run DMU Review sessions\"}}]",
        "revision": 10
    },
    "model": "reversion.version",
    "pk": 10
},
{
    "fields": {
        "format": "json",
        "object_repr": "DMU Quality : KPI Development",
        "object_id": "6",
        "content_type": 16,
        "object_id_int": 6,
        "serialized_data": "[{\"pk\": 6, \"model\": \"services.service\", \"fields\": {\"owner\": 3, \"service_family\": 1, \"is_active\": true, \"name\": \"KPI Development\", \"description\": \"Create KPI sets, and provide extensive analysis thanks to combined DMU data & Data mining expertise\"}}]",
        "revision": 11
    },
    "model": "reversion.version",
    "pk": 11
},
{
    "fields": {
        "format": "json",
        "object_repr": "DMU Simulations : Virtual Reality",
        "object_id": "7",
        "content_type": 16,
        "object_id_int": 7,
        "serialized_data": "[{\"pk\": 7, \"model\": \"services.service\", \"fields\": {\"owner\": 5, \"service_family\": 2, \"is_active\": true, \"name\": \"Virtual Reality\", \"description\": \"Immersion in the Virtual Product using 3D glasses, helmets, with product enhanced with physics, textures\\u2026\\r\\n\"}}]",
        "revision": 12
    },
    "model": "reversion.version",
    "pk": 12
},
{
    "fields": {
        "format": "json",
        "object_repr": "DMU Simulations : DMU Maintenance Simulations",
        "object_id": "8",
        "content_type": 16,
        "object_id_int": 8,
        "serialized_data": "[{\"pk\": 8, \"model\": \"services.service\", \"fields\": {\"owner\": 5, \"service_family\": 2, \"is_active\": true, \"name\": \"DMU Maintenance Simulations\", \"description\": \"Check accessibility, using virtual manikins, including tooling and ergonomics\\r\\n\"}}]",
        "revision": 13
    },
    "model": "reversion.version",
    "pk": 13
},
{
    "fields": {
        "format": "json",
        "object_repr": "DMU Simulations : DMU Maintenance Simulations",
        "object_id": "8",
        "content_type": 16,
        "object_id_int": 8,
        "serialized_data": "[{\"pk\": 8, \"model\": \"services.service\", \"fields\": {\"owner\": 7, \"service_family\": 2, \"is_active\": true, \"name\": \"DMU Maintenance Simulations\", \"description\": \"Check accessibility, using virtual manikins, including tooling and ergonomics\\r\\n\"}}]",
        "revision": 14
    },
    "model": "reversion.version",
    "pk": 14
},
{
    "fields": {
        "format": "json",
        "object_repr": "DMU Simulations : In Operation DMU Simulations",
        "object_id": "9",
        "content_type": 16,
        "object_id_int": 9,
        "serialized_data": "[{\"pk\": 9, \"model\": \"services.service\", \"fields\": {\"owner\": 7, \"service_family\": 2, \"is_active\": true, \"name\": \"In Operation DMU Simulations\", \"description\": \"Simulate the Product in its operative environment, such as airports, stations, vehicles\\u2026\\r\\n\"}}]",
        "revision": 15
    },
    "model": "reversion.version",
    "pk": 15
},
{
    "fields": {
        "format": "json",
        "object_repr": "DMU Simulations : Manufacturing",
        "object_id": "10",
        "content_type": 16,
        "object_id_int": 10,
        "serialized_data": "[{\"pk\": 10, \"model\": \"services.service\", \"fields\": {\"owner\": 5, \"service_family\": 2, \"is_active\": true, \"name\": \"Manufacturing\", \"description\": \"Check Assembling Sequences, including speed, tooling constraints\\u2026\\r\\n\"}}]",
        "revision": 16
    },
    "model": "reversion.version",
    "pk": 16
},
{
    "fields": {
        "format": "json",
        "object_repr": "DMU Simulations : DMU for Technical Documentation",
        "object_id": "11",
        "content_type": 16,
        "object_id_int": 11,
        "serialized_data": "[{\"pk\": 11, \"model\": \"services.service\", \"fields\": {\"owner\": 7, \"service_family\": 2, \"is_active\": true, \"name\": \"DMU for Technical Documentation\", \"description\": \"Produce 3D animations to support documentation on Product Operations\\r\\n\"}}]",
        "revision": 17
    },
    "model": "reversion.version",
    "pk": 17
},
{
    "fields": {
        "format": "json",
        "object_repr": "DMU Simulations : DMU Inspection",
        "object_id": "12",
        "content_type": 16,
        "object_id_int": 12,
        "serialized_data": "[{\"pk\": 12, \"model\": \"services.service\", \"fields\": {\"owner\": 5, \"service_family\": 2, \"is_active\": true, \"name\": \"DMU Inspection\", \"description\": \"Detect any kind of issues in the DMU, perform comparisons between DMUs\\u2026\\r\\n\"}}]",
        "revision": 18
    },
    "model": "reversion.version",
    "pk": 18
},
{
    "fields": {
        "format": "json",
        "object_repr": "DMU PM&T : Needs Capture",
        "object_id": "13",
        "content_type": 16,
        "object_id_int": 13,
        "serialized_data": "[{\"pk\": 13, \"model\": \"services.service\", \"fields\": {\"owner\": 6, \"service_family\": 3, \"is_active\": true, \"name\": \"Needs Capture\", \"description\": \"Clearly describe operational teams needs, be it a new Process, Method or Tool, and estimate benefits (Time, Cost, Quality)\\r\\n\"}}]",
        "revision": 19
    },
    "model": "reversion.version",
    "pk": 19
},
{
    "fields": {
        "format": "json",
        "object_repr": "DMU PM&T : DMU Consulting",
        "object_id": "14",
        "content_type": 16,
        "object_id_int": 14,
        "serialized_data": "[{\"pk\": 14, \"model\": \"services.service\", \"fields\": {\"owner\": 6, \"service_family\": 3, \"is_active\": true, \"name\": \"DMU Consulting\", \"description\": \"Help with defining DMU Strategy (business cases, roadmaps\\u2026), partnerships, implementation\\r\\n\"}}]",
        "revision": 20
    },
    "model": "reversion.version",
    "pk": 20
},
{
    "fields": {
        "format": "json",
        "object_repr": "DMU PM&T : DMU Optimisation & Implementation",
        "object_id": "15",
        "content_type": 16,
        "object_id_int": 15,
        "serialized_data": "[{\"pk\": 15, \"model\": \"services.service\", \"fields\": {\"owner\": 6, \"service_family\": 3, \"is_active\": true, \"name\": \"DMU Optimisation & Implementation\", \"description\": \"Audit and challenge existing Processes & Methods, define optimisations, and drive their implementations\\r\\n\"}}]",
        "revision": 21
    },
    "model": "reversion.version",
    "pk": 21
},
{
    "fields": {
        "format": "json",
        "object_repr": "DMU PM&T : Prototyping",
        "object_id": "16",
        "content_type": 16,
        "object_id_int": 16,
        "serialized_data": "[{\"pk\": 16, \"model\": \"services.service\", \"fields\": {\"owner\": 1, \"service_family\": 3, \"is_active\": true, \"name\": \"Prototyping\", \"description\": \"Implement Quick Wins (Scripts, Databases\\u2026) using Agile development techniques\\r\\n\"}}]",
        "revision": 22
    },
    "model": "reversion.version",
    "pk": 22
},
{
    "fields": {
        "format": "json",
        "object_repr": "DMU PM&T : DMU Light Training",
        "object_id": "17",
        "content_type": 16,
        "object_id_int": 17,
        "serialized_data": "[{\"pk\": 17, \"model\": \"services.service\", \"fields\": {\"owner\": 6, \"service_family\": 3, \"is_active\": true, \"name\": \"DMU Light Training\", \"description\": \"Create and animate \\u00ab\\u00a0Light Training\\u00a0\\u00bb sessions (awareness, communications\\u2026)\\r\\n\"}}]",
        "revision": 23
    },
    "model": "reversion.version",
    "pk": 23
},
{
    "fields": {
        "format": "json",
        "object_repr": "DMU PM&T : DMU Support",
        "object_id": "18",
        "content_type": 16,
        "object_id_int": 18,
        "serialized_data": "[{\"pk\": 18, \"model\": \"services.service\", \"fields\": {\"owner\": 6, \"service_family\": 3, \"is_active\": true, \"name\": \"DMU Support\", \"description\": \"Provide Support to other DMU Users on using the DMU or associated processes (clash, inspection\\u2026.)\"}}]",
        "revision": 24
    },
    "model": "reversion.version",
    "pk": 24
},
{
    "fields": {
        "format": "json",
        "object_repr": "DMU Quality : DMU KPI Development",
        "object_id": "6",
        "content_type": 16,
        "object_id_int": 6,
        "serialized_data": "[{\"pk\": 6, \"model\": \"services.service\", \"fields\": {\"owner\": 3, \"service_family\": 1, \"is_active\": true, \"name\": \"DMU KPI Development\", \"description\": \"Create KPI sets, and provide extensive analysis thanks to combined DMU data & Data mining expertise\"}}]",
        "revision": 25
    },
    "model": "reversion.version",
    "pk": 25
},
{
    "fields": {
        "format": "json",
        "object_repr": "DMU Simulations : DMU Manufacturing Simulations",
        "object_id": "10",
        "content_type": 16,
        "object_id_int": 10,
        "serialized_data": "[{\"pk\": 10, \"model\": \"services.service\", \"fields\": {\"owner\": 5, \"service_family\": 2, \"is_active\": true, \"name\": \"DMU Manufacturing Simulations\", \"description\": \"Check Assembling Sequences, including speed, tooling constraints\\u2026\\r\\n\"}}]",
        "revision": 26
    },
    "model": "reversion.version",
    "pk": 26
},
{
    "fields": {
        "format": "json",
        "object_repr": "DMU PM&T : DMU Needs Capture",
        "object_id": "13",
        "content_type": 16,
        "object_id_int": 13,
        "serialized_data": "[{\"pk\": 13, \"model\": \"services.service\", \"fields\": {\"owner\": 6, \"service_family\": 3, \"is_active\": true, \"name\": \"DMU Needs Capture\", \"description\": \"Clearly describe operational teams needs, be it a new Process, Method or Tool, and estimate benefits (Time, Cost, Quality)\\r\\n\"}}]",
        "revision": 27
    },
    "model": "reversion.version",
    "pk": 27
},
{
    "fields": {
        "format": "json",
        "object_repr": "SLM",
        "object_id": "5",
        "content_type": 14,
        "object_id_int": 5,
        "serialized_data": "[{\"fields\": {\"owner\": 7, \"is_active\": true, \"name\": \"SLM\", \"description\": \"Service Lifecycle Management\"}, \"model\": \"services.domain\", \"pk\": 5}]",
        "revision": 28
    },
    "model": "reversion.version",
    "pk": 28
},
{
    "fields": {
        "project_leader": 6,
        "description": "Addressing and Follow-Up of DMUTroubles. QC2 SSCI-findings Recording and Follow-Up.\r\nDevelop web-based solutions to manage engineering data.\r\nValidation, investigation, implementation and test of data management requirement.\r\nLDA- Local delegated adminisration A380",
        "wiki_link": "http://confluence.intra.cimpa.corp/confluence/display/main/A380+DMU+Management",
        "date_end": "2014-12-31",
        "date_start": "2014-01-01",
        "number": "140086",
        "name": "A380 DMU Management 2014",
        "department": "BD",
        "customer_siglum": "",
        "natco": "D",
        "customer_name": "Malte J\u00fcrgensen"
    },
    "model": "projects.project",
    "pk": 1
},
{
    "fields": {
        "project_leader": 3,
        "description": "DMU Integration activities for the A350 & A400M Fuselage (2014)",
        "wiki_link": "http://confluence.intra.cimpa.corp/confluence/display/main/A350+DMU+Integration",
        "date_end": "2014-03-31",
        "date_start": "2014-01-01",
        "number": "140172",
        "name": "DMU Integration Fuselage Bundle A350 - GE",
        "department": "BD",
        "customer_siglum": "ESK9G",
        "natco": "D",
        "customer_name": "Damien Proust"
    },
    "model": "projects.project",
    "pk": 2
},
{
    "fields": {
        "project_leader": 5,
        "description": "DMU Activities for FAL",
        "wiki_link": "",
        "date_end": "2014-06-30",
        "date_start": "2014-01-01",
        "number": "140266",
        "name": "DMU integration FAL (2014)",
        "department": "BD",
        "customer_siglum": "",
        "natco": "F",
        "customer_name": ""
    },
    "model": "projects.project",
    "pk": 3
},
{
    "fields": {
        "project_leader": 8,
        "description": "Support to using the DMU in A400M Central Programme",
        "wiki_link": "",
        "date_end": "2014-12-31",
        "date_start": "2014-01-01",
        "number": "140348",
        "name": "A400M CPO DMU Support",
        "department": "BD",
        "customer_siglum": "MDEIA",
        "natco": "F",
        "customer_name": "S\u00e9bastien Ledoux"
    },
    "model": "projects.project",
    "pk": 4
},
{
    "fields": {
        "project_leader": 8,
        "description": "Manage EGA (Aerodynamics) and EYIL (Equipments) DMU data",
        "wiki_link": "http://confluence.intra.cimpa.corp/confluence/display/main/140244+-+NSD+CAD+Data+Management",
        "date_end": "2014-12-31",
        "date_start": "2014-01-01",
        "number": "140244",
        "name": "NSD CAD Data Management",
        "department": "BD",
        "customer_siglum": "",
        "natco": "F",
        "customer_name": ""
    },
    "model": "projects.project",
    "pk": 5
},
{
    "fields": {
        "project_leader": 4,
        "description": "This is an Airbus multi-program project involving A320neo, A330neo, A350, A400M, A380, Long Range, Single Aisle. The aim of this project is to perform the DMU integration tasks on pylon, air intake, nacelle and engine. The work is mainly performed in St Eloi plant, down town Toulouse, this location being the historical place where all the pylons are manufactured. The balance of the work is done in St Martin site and in the CIMPA office in Centreda (Blagnac).",
        "wiki_link": "http://confluence.intra.cimpa.corp/confluence/display/main/TWE+cDMU+Integration",
        "date_end": "2014-12-31",
        "date_start": "2014-01-01",
        "number": "140160",
        "name": "Pylons & Propulsion",
        "department": "BD",
        "customer_siglum": "ESOY",
        "natco": "F",
        "customer_name": "Pascal Rigaud"
    },
    "model": "projects.project",
    "pk": 6
},
{
    "fields": {
        "project_leader": 4,
        "description": "Support to A350XWB DMU Quality team",
        "wiki_link": "http://confluence.intra.cimpa.corp/confluence/display/main/130068+-+A350+Aircraft+DMU+and+SSCI",
        "date_end": "2014-12-31",
        "date_start": "2014-01-01",
        "number": "140162",
        "name": "A-C DMU A350 - ESKNU",
        "department": "BD",
        "customer_siglum": "ESKNU",
        "natco": "F",
        "customer_name": "Bernard Vergne"
    },
    "model": "projects.project",
    "pk": 7
},
{
    "fields": {
        "project_leader": 4,
        "description": "DMU Integrations Ailerons_Spoilers Design",
        "wiki_link": "",
        "date_end": "2014-12-31",
        "date_start": "2014-01-01",
        "number": "140164",
        "name": "DMU Integrations Ailerons_Spoilers Design",
        "department": "BD",
        "customer_siglum": "",
        "natco": "F",
        "customer_name": ""
    },
    "model": "projects.project",
    "pk": 8
},
{
    "fields": {
        "project_leader": 3,
        "description": "DMU Support Germany",
        "wiki_link": "",
        "date_end": "2014-12-31",
        "date_start": "2014-01-01",
        "number": "140161",
        "name": "DMU Support Germany",
        "department": "BD",
        "customer_siglum": "",
        "natco": "D",
        "customer_name": "Heiko Stammer"
    },
    "model": "projects.project",
    "pk": 9
},
{
    "fields": {
        "project_leader": 3,
        "description": "DMU Integration for A400M",
        "wiki_link": "",
        "date_end": "2014-12-31",
        "date_start": "2014-01-01",
        "number": "140296",
        "name": "DMU Integration Fuselage Bundle A400M - GE",
        "department": "BD",
        "customer_siglum": "",
        "natco": "D",
        "customer_name": "Gerald Bucholz"
    },
    "model": "projects.project",
    "pk": 10
},
{
    "fields": {
        "project_leader": 5,
        "description": "DMU Integration Fuselage Bundle A350 - FR",
        "wiki_link": "",
        "date_end": "2014-03-31",
        "date_start": "2014-01-01",
        "number": "140173",
        "name": "DMU Integration Fuselage Bundle A350 - FR",
        "department": "BD",
        "customer_siglum": "ESK9G",
        "natco": "F",
        "customer_name": "Damien Proust"
    },
    "model": "projects.project",
    "pk": 11
},
{
    "fields": {
        "project_leader": 5,
        "description": "Manufacturing DMU integration St Eloi",
        "wiki_link": "",
        "date_end": "2014-12-31",
        "date_start": "2014-03-01",
        "number": "140510",
        "name": "Manufacturing DMU integration St Eloi",
        "department": "BD",
        "customer_siglum": "",
        "natco": "F",
        "customer_name": "Christophe Semp\u00e9"
    },
    "model": "projects.project",
    "pk": 12
},
{
    "fields": {
        "project_leader": 3,
        "description": "DMU Support PAG",
        "wiki_link": "",
        "date_end": "2014-02-28",
        "date_start": "2014-01-01",
        "number": "140349",
        "name": "DMU Support PAG",
        "department": "BD",
        "customer_siglum": "ESK9G",
        "natco": "F",
        "customer_name": ""
    },
    "model": "projects.project",
    "pk": 13
},
{
    "fields": {
        "project_leader": 8,
        "description": "DMU Support France",
        "wiki_link": "",
        "date_end": "2014-12-31",
        "date_start": "2014-01-01",
        "number": "140442",
        "name": "DMU Support France",
        "department": "BD",
        "customer_siglum": "",
        "natco": "F",
        "customer_name": "Florence Vasseur"
    },
    "model": "projects.project",
    "pk": 14
},
{
    "fields": {
        "project_leader": 18,
        "description": "Design to Cost",
        "wiki_link": "",
        "date_end": "2014-12-31",
        "date_start": "2014-01-01",
        "number": "140251",
        "name": "Design to Cost and Value Engineering 2014",
        "department": "BA",
        "customer_siglum": "K3T",
        "natco": "D",
        "customer_name": "GAIDA, Manfred"
    },
    "model": "projects.project",
    "pk": 15
},
{
    "fields": {
        "project_leader": null,
        "description": "Corner Fitting operations in Nantes",
        "wiki_link": "",
        "date_end": "2016-12-30",
        "date_start": "2015-01-05",
        "number": "140815",
        "name": "Corner Fitting Nantes",
        "department": "BM",
        "customer_siglum": "",
        "natco": "F",
        "customer_name": ""
    },
    "model": "projects.project",
    "pk": 16
},
{
    "fields": {
        "project_leader": null,
        "description": "Support business to use CATIA V5 and integration with PDMLink.\r\nRefine work methodology\r\nWrite data sheet \r\n",
        "wiki_link": "",
        "date_end": "2014-12-31",
        "date_start": "2014-10-01",
        "number": "150xxx",
        "name": "Beneteau support",
        "department": "WB",
        "customer_siglum": "",
        "natco": "F",
        "customer_name": ""
    },
    "model": "projects.project",
    "pk": 17
},
{
    "fields": {
        "project_leader": null,
        "description": "Build a G3 Dossier for Deploying TreND in Alten (50% workload)",
        "wiki_link": "",
        "date_end": null,
        "date_start": null,
        "number": "140xxy",
        "name": "TreND deployment for Alten",
        "department": "BA",
        "customer_siglum": "",
        "natco": "F",
        "customer_name": "Matthieu SILLOU"
    },
    "model": "projects.project",
    "pk": 18
},
{
    "fields": {
        "project_leader": 5,
        "description": "Upgrade the currently limited DMU Room with state of the art Projection System, and Virtual Reality capabilities. Study alternative layouts to make best possible use of the available space, and optionnally support and operate the new room.",
        "wiki_link": "",
        "date_end": "2015-01-31",
        "date_start": "2014-10-15",
        "number": "140636",
        "name": "3D Room Upgrade Airbus Spain",
        "department": "BD",
        "customer_siglum": "ESK9TG",
        "natco": "F",
        "customer_name": "Jes\u00fas BERMUDEZ MARTINEZ"
    },
    "model": "projects.project",
    "pk": 19
},
{
    "fields": {
        "project_leader": null,
        "description": "Normes Documentaires Aeronautiques",
        "wiki_link": "",
        "date_end": null,
        "date_start": null,
        "number": "140462",
        "name": "Normes Documentaires Aeronautiques - AMOA",
        "department": "SL",
        "customer_siglum": "",
        "natco": "F",
        "customer_name": ""
    },
    "model": "projects.project",
    "pk": 20
},
{
    "fields": {
        "project_leader": null,
        "description": "BOS Quality",
        "wiki_link": "",
        "date_end": null,
        "date_start": null,
        "number": "140123",
        "name": "BOS Quality MNCP",
        "department": "BA",
        "customer_siglum": "",
        "natco": null,
        "customer_name": ""
    },
    "model": "projects.project",
    "pk": 21
},
{
    "fields": {
        "project_leader": null,
        "description": "ICT CAD DMU Bundle",
        "wiki_link": "",
        "date_end": null,
        "date_start": null,
        "number": "140108",
        "name": "CAD DMU Bundle",
        "department": "IS",
        "customer_siglum": "",
        "natco": "D",
        "customer_name": ""
    },
    "model": "projects.project",
    "pk": 22
},
{
    "fields": {
        "project_leader": 249,
        "description": "EPF A380 Blue Sky",
        "wiki_link": "",
        "date_end": null,
        "date_start": null,
        "number": "140039",
        "name": "EPF A380 Blue Sky",
        "department": "BA",
        "customer_siglum": "",
        "natco": "F",
        "customer_name": ""
    },
    "model": "projects.project",
    "pk": 23
},
{
    "fields": {
        "project_leader": null,
        "description": "Support to EDF",
        "wiki_link": "",
        "date_end": null,
        "date_start": null,
        "number": "140xxz",
        "name": "EDF",
        "department": "WF",
        "customer_siglum": "",
        "natco": "F",
        "customer_name": ""
    },
    "model": "projects.project",
    "pk": 24
},
{
    "fields": {
        "project_leader": null,
        "description": "Technical Documentation",
        "wiki_link": "",
        "date_end": null,
        "date_start": null,
        "number": "140xyx",
        "name": "Tech Data",
        "department": "SL",
        "customer_siglum": "",
        "natco": "F",
        "customer_name": ""
    },
    "model": "projects.project",
    "pk": 25
},
{
    "fields": {
        "project_leader": null,
        "description": "ADOC",
        "wiki_link": "",
        "date_end": null,
        "date_start": null,
        "number": "140xzx",
        "name": "ADOC",
        "department": "SL",
        "customer_siglum": "",
        "natco": "F",
        "customer_name": ""
    },
    "model": "projects.project",
    "pk": 26
},
{
    "fields": {
        "project_leader": null,
        "description": "Provide DMU support to Aerolia on Bombardier",
        "wiki_link": "",
        "date_end": "2014-12-31",
        "date_start": "2014-07-01",
        "number": "140697",
        "name": "DMU Support Aerolia",
        "department": "WT",
        "customer_siglum": "",
        "natco": "F",
        "customer_name": "Alain Bauer"
    },
    "model": "projects.project",
    "pk": 27
},
{
    "fields": {
        "project_leader": null,
        "description": "IGMT Bundle",
        "wiki_link": "",
        "date_end": "2017-12-29",
        "date_start": "2015-01-05",
        "number": "140681",
        "name": "IG Worldwide Services Bundle BAFO - Transition Phase",
        "department": "IE",
        "customer_siglum": "IGMT",
        "natco": "F",
        "customer_name": ""
    },
    "model": "projects.project",
    "pk": 28
},
{
    "fields": {
        "project_leader": 72,
        "description": "KMJ A350 EE Support",
        "wiki_link": "",
        "date_end": "2015-12-31",
        "date_start": "2015-01-05",
        "number": "150213",
        "name": "A350 EE Support",
        "department": "BA",
        "customer_siglum": "KMJ",
        "natco": "F",
        "customer_name": "Alain Dumas"
    },
    "model": "projects.project",
    "pk": 29
},
{
    "fields": {
        "project_leader": 53,
        "description": "Design to Cost activities for Airbus Engineering",
        "wiki_link": "http://confluence.intra.cimpa.corp/confluence/display/main/Design+to+Cost",
        "date_end": "2015-12-31",
        "date_start": "2015-01-05",
        "number": "150085",
        "name": "2015-Design to Cost and Value Engineering",
        "department": "BA",
        "customer_siglum": "AIRBUS - K3BB",
        "natco": "F",
        "customer_name": ""
    },
    "model": "projects.project",
    "pk": 30
},
{
    "fields": {
        "project_leader": null,
        "description": "Support Bentley (Car Company) in their PLM project",
        "wiki_link": "",
        "date_end": null,
        "date_start": null,
        "number": "140375",
        "name": "Bentley PLM Support",
        "department": "WU",
        "customer_siglum": "",
        "natco": "U",
        "customer_name": ""
    },
    "model": "projects.project",
    "pk": 31
},
{
    "fields": {
        "code": "",
        "name": "QC1 First Loop",
        "service": 1,
        "unit_time": null,
        "project": 2,
        "acceptance_criteria": "",
        "turnover": null,
        "description": "QC1, first time check"
    },
    "model": "projects.deliverable",
    "pk": 2
},
{
    "fields": {
        "code": "",
        "name": "DMU Supplier Integration",
        "service": 2,
        "unit_time": null,
        "project": 2,
        "acceptance_criteria": "",
        "turnover": null,
        "description": "Manage data package to and from suppliers"
    },
    "model": "projects.deliverable",
    "pk": 3
},
{
    "fields": {
        "code": "",
        "name": "Product Structure Administration",
        "service": 4,
        "unit_time": null,
        "project": 2,
        "acceptance_criteria": "",
        "turnover": null,
        "description": "Update CI-LO-DS"
    },
    "model": "projects.deliverable",
    "pk": 4
},
{
    "fields": {
        "code": "",
        "name": "DMU Reviews",
        "service": 5,
        "unit_time": null,
        "project": 2,
        "acceptance_criteria": "",
        "turnover": null,
        "description": "DMU Reviews"
    },
    "model": "projects.deliverable",
    "pk": 5
},
{
    "fields": {
        "code": "WP1",
        "name": "Manufacturing DMU reviews",
        "service": 5,
        "unit_time": null,
        "project": 3,
        "acceptance_criteria": "",
        "turnover": null,
        "description": "prepare and organize manufacturing DMU reviews"
    },
    "model": "projects.deliverable",
    "pk": 6
},
{
    "fields": {
        "code": "WP2",
        "name": "DMU environment for Jigs & tools",
        "service": 2,
        "unit_time": null,
        "project": 3,
        "acceptance_criteria": "",
        "turnover": null,
        "description": "Create and manage DMU environment for Jigs & tools\r\n"
    },
    "model": "projects.deliverable",
    "pk": 7
},
{
    "fields": {
        "code": "WP3",
        "name": "DMU simulations",
        "service": 10,
        "unit_time": null,
        "project": 3,
        "acceptance_criteria": "",
        "turnover": null,
        "description": "DMU simulations"
    },
    "model": "projects.deliverable",
    "pk": 8
},
{
    "fields": {
        "code": "WP4",
        "name": "Project Activities",
        "service": 15,
        "unit_time": null,
        "project": 3,
        "acceptance_criteria": "",
        "turnover": null,
        "description": "Project Activities"
    },
    "model": "projects.deliverable",
    "pk": 9
},
{
    "fields": {
        "code": "WP5",
        "name": "Virtual Reality",
        "service": 7,
        "unit_time": null,
        "project": 3,
        "acceptance_criteria": "",
        "turnover": null,
        "description": "Virtual Reality"
    },
    "model": "projects.deliverable",
    "pk": 10
},
{
    "fields": {
        "code": "WP6",
        "name": "DMU Infrastructure Project",
        "service": 15,
        "unit_time": null,
        "project": 3,
        "acceptance_criteria": "",
        "turnover": null,
        "description": "DMU Infrastructure Project\r\n"
    },
    "model": "projects.deliverable",
    "pk": 11
},
{
    "fields": {
        "code": "WP7",
        "name": "Physical Mockup",
        "service": 12,
        "unit_time": null,
        "project": 3,
        "acceptance_criteria": "",
        "turnover": null,
        "description": "PMU"
    },
    "model": "projects.deliverable",
    "pk": 12
},
{
    "fields": {
        "code": "",
        "name": "SA Hamburg",
        "service": 10,
        "unit_time": null,
        "project": 3,
        "acceptance_criteria": "",
        "turnover": null,
        "description": "DMU Manufacturing activities on A320 FAL"
    },
    "model": "projects.deliverable",
    "pk": 13
},
{
    "fields": {
        "code": "",
        "name": "Support activities",
        "service": 18,
        "unit_time": null,
        "project": 4,
        "acceptance_criteria": "",
        "turnover": null,
        "description": "Support activities"
    },
    "model": "projects.deliverable",
    "pk": 14
},
{
    "fields": {
        "code": "",
        "name": "Prototyping",
        "service": 16,
        "unit_time": null,
        "project": 4,
        "acceptance_criteria": "",
        "turnover": null,
        "description": "Scripts to handle / generate specific DMUs"
    },
    "model": "projects.deliverable",
    "pk": 15
},
{
    "fields": {
        "code": "",
        "name": "EDM",
        "service": 16,
        "unit_time": null,
        "project": 1,
        "acceptance_criteria": "",
        "turnover": null,
        "description": "Engineering Data Management"
    },
    "model": "projects.deliverable",
    "pk": 16
},
{
    "fields": {
        "code": "",
        "name": "CoMa",
        "service": 16,
        "unit_time": null,
        "project": 1,
        "acceptance_criteria": "",
        "turnover": null,
        "description": "Custo Core Maintenance"
    },
    "model": "projects.deliverable",
    "pk": 18
},
{
    "fields": {
        "code": "",
        "name": "LDA",
        "service": 18,
        "unit_time": null,
        "project": 1,
        "acceptance_criteria": "",
        "turnover": null,
        "description": "Local Delegated Administration for SAP"
    },
    "model": "projects.deliverable",
    "pk": 19
},
{
    "fields": {
        "code": "",
        "name": "A380 DMU Management",
        "service": 14,
        "unit_time": null,
        "project": 1,
        "acceptance_criteria": "",
        "turnover": null,
        "description": "Additional activity for Oliver Schumacher"
    },
    "model": "projects.deliverable",
    "pk": 20
},
{
    "fields": {
        "code": "EGA1.1",
        "name": "EGA - Shape Management - Low",
        "service": 4,
        "unit_time": null,
        "project": 5,
        "acceptance_criteria": "",
        "turnover": null,
        "description": "Shape management activity is splitted as follow :\r\n1. Creation, update and delivery of EGA assemblies.\r\n2. Aerolines for Mgy"
    },
    "model": "projects.deliverable",
    "pk": 21
},
{
    "fields": {
        "code": "EGA1.2",
        "name": "EGA - Shape Management - Medium",
        "service": 4,
        "unit_time": null,
        "project": 5,
        "acceptance_criteria": "",
        "turnover": null,
        "description": "Shape management activity is splitted as follow :\r\n1. Creation, update and delivery of EGA assemblies.\r\n2. Aerolines for Mgy\r\nBoth have common basis on the way to proceed, and shape to integrate linked to the detailed Gs-Gd is the input. "
    },
    "model": "projects.deliverable",
    "pk": 22
},
{
    "fields": {
        "code": "EGA1.3",
        "name": "EGA - Shape Management - High",
        "service": 4,
        "unit_time": null,
        "project": 5,
        "acceptance_criteria": "",
        "turnover": null,
        "description": "Shape management activity is splitted as follow :\r\n1. Creation, update and delivery of EGA assemblies.\r\n2. Aerolines for Mgy\r\nBoth have common basis on the way to proceed, and shape to integrate linked to the detailed Gs-Gd is the input. "
    },
    "model": "projects.deliverable",
    "pk": 23
},
{
    "fields": {
        "code": "EGA2.1",
        "name": "EGA - DMU extraction - Low",
        "service": 2,
        "unit_time": null,
        "project": 5,
        "acceptance_criteria": "",
        "turnover": null,
        "description": "DMU extraction are often requested in order to perform various studies like :\r\nComparison between DMU extraction performed and theoretical aerodynamic shapes.\r\nCalculation studies.\r\nSpecific view on installed systems.(ex : AGU A380 system extraction)\r\nFlaps, slats, spoilers, ailerons, trap doors, RAT deployements. (ex : A350 MLG extraction with opened doors and leg doors)\r\nMesurement, dimensions of installed systems. \r\n...\r\nThese tasks are performed by the Aerodynamic DMU-Integrator, if requested by the customer. "
    },
    "model": "projects.deliverable",
    "pk": 24
},
{
    "fields": {
        "code": "DEL1.1",
        "name": "Product Structure",
        "service": 4,
        "unit_time": null,
        "project": 6,
        "acceptance_criteria": "",
        "turnover": null,
        "description": "PS Admin"
    },
    "model": "projects.deliverable",
    "pk": 25
},
{
    "fields": {
        "code": "DEL2.1",
        "name": "QC1 Part",
        "service": 1,
        "unit_time": null,
        "project": 6,
        "acceptance_criteria": "",
        "turnover": null,
        "description": "Quality Check 1 at part level"
    },
    "model": "projects.deliverable",
    "pk": 26
},
{
    "fields": {
        "code": "DEL2.2",
        "name": "QC1 Assy",
        "service": 1,
        "unit_time": null,
        "project": 6,
        "acceptance_criteria": "",
        "turnover": null,
        "description": "Quality Check 1 on assemblies"
    },
    "model": "projects.deliverable",
    "pk": 27
},
{
    "fields": {
        "code": "EGA2.2",
        "name": "EGA - DMU extraction - Medium",
        "service": 2,
        "unit_time": null,
        "project": 5,
        "acceptance_criteria": "",
        "turnover": null,
        "description": "DMU extraction are often requested in order to perform various studies like :\r\nComparison between DMU extraction performed and theoretical aerodynamic shapes.\r\nCalculation studies.\r\nSpecific view on installed systems.(ex : AGU A380 system extraction)\r\nFlaps, slats, spoilers, ailerons, trap doors, RAT deployements. (ex : A350 MLG extraction with opened doors and leg doors)\r\nMesurement, dimensions of installed systems."
    },
    "model": "projects.deliverable",
    "pk": 28
},
{
    "fields": {
        "code": "DEL2.3",
        "name": "QC1 DS",
        "service": 1,
        "unit_time": null,
        "project": 6,
        "acceptance_criteria": "",
        "turnover": null,
        "description": "Quality Check 1 at DS level"
    },
    "model": "projects.deliverable",
    "pk": 30
},
{
    "fields": {
        "code": "DEL2.4",
        "name": "QC2",
        "service": 1,
        "unit_time": null,
        "project": 6,
        "acceptance_criteria": "",
        "turnover": null,
        "description": "Quality check 2"
    },
    "model": "projects.deliverable",
    "pk": 31
},
{
    "fields": {
        "code": "DEL2.5",
        "name": "Equipment Quality Check",
        "service": 1,
        "unit_time": null,
        "project": 6,
        "acceptance_criteria": "",
        "turnover": null,
        "description": "Equipment Quality Check"
    },
    "model": "projects.deliverable",
    "pk": 32
},
{
    "fields": {
        "code": "DEL3.2",
        "name": "PPS Preparation",
        "service": 2,
        "unit_time": null,
        "project": 6,
        "acceptance_criteria": "",
        "turnover": null,
        "description": "PPS Preparation"
    },
    "model": "projects.deliverable",
    "pk": 33
},
{
    "fields": {
        "code": "DEL3.1",
        "name": "Equipment Check in",
        "service": 4,
        "unit_time": null,
        "project": 6,
        "acceptance_criteria": "",
        "turnover": null,
        "description": "Equipment Check in"
    },
    "model": "projects.deliverable",
    "pk": 34
},
{
    "fields": {
        "code": "EGA3",
        "name": "EGA - Parasitic Drag process",
        "service": 2,
        "unit_time": null,
        "project": 5,
        "acceptance_criteria": "",
        "turnover": null,
        "description": "1.DMU recovery:\r\n2.DMU simplification in order to get only panels and items which have contact with external air.\r\n3.Recovery of panels skin (from Part body to shapes):\r\n4.Extraction of curves which have impact on Parasitic Drag computation:\r\n5.Use of a Parasitic Drag tool developed by Cimpa (Philippe Morand) in order to discretize each curve for the Parasitic Drag computation:"
    },
    "model": "projects.deliverable",
    "pk": 35
},
{
    "fields": {
        "code": "DEL3.3",
        "name": "EE Preparation",
        "service": 2,
        "unit_time": null,
        "project": 6,
        "acceptance_criteria": "",
        "turnover": null,
        "description": "EE Preparation"
    },
    "model": "projects.deliverable",
    "pk": 36
},
{
    "fields": {
        "code": "DEL4.1",
        "name": "Trouble Management",
        "service": 3,
        "unit_time": null,
        "project": 6,
        "acceptance_criteria": "",
        "turnover": null,
        "description": "Trouble Management"
    },
    "model": "projects.deliverable",
    "pk": 37
},
{
    "fields": {
        "code": "DEL5.1",
        "name": "Clash / Clearance Review",
        "service": 5,
        "unit_time": null,
        "project": 6,
        "acceptance_criteria": "",
        "turnover": null,
        "description": "Clash / Clearance Review"
    },
    "model": "projects.deliverable",
    "pk": 38
},
{
    "fields": {
        "code": "DEL5.2",
        "name": "Standard DMU Review",
        "service": 5,
        "unit_time": null,
        "project": 6,
        "acceptance_criteria": "",
        "turnover": null,
        "description": "Standard DMU Review"
    },
    "model": "projects.deliverable",
    "pk": 39
},
{
    "fields": {
        "code": "DEL6.1",
        "name": "PMT / DMU Expertise",
        "service": 15,
        "unit_time": null,
        "project": 6,
        "acceptance_criteria": "",
        "turnover": null,
        "description": "PMT / DMU Expertise"
    },
    "model": "projects.deliverable",
    "pk": 40
},
{
    "fields": {
        "code": "EGA4",
        "name": "EGA - CAD Support for DMU and MGY tools and process",
        "service": 18,
        "unit_time": null,
        "project": 5,
        "acceptance_criteria": "",
        "turnover": null,
        "description": "Support on tools development (EDGA-Shapes-DB, Assembly tool, ...)\r\nTesting and participation in process modification\r\n"
    },
    "model": "projects.deliverable",
    "pk": 41
},
{
    "fields": {
        "code": "S.3D.A1.1",
        "name": "EYIL - Conversion of PHYSICAL SYSTEM ARCHITECTURE - Low",
        "service": 2,
        "unit_time": null,
        "project": 5,
        "acceptance_criteria": "",
        "turnover": null,
        "description": "Systems architectures(Layouts) are designed with Iris (format .xis) by architect designers.\r\n\r\nIn order to Systems Architectures are available in the DMU (DMUSERVER ,TREND), we should convert them (.xis) in order to they are available to format CatiaV5 (CATProduct) and then to store them in PDMLink SSCI."
    },
    "model": "projects.deliverable",
    "pk": 43
},
{
    "fields": {
        "code": "S.3D.A2.1",
        "name": "EYIL - 3D Systeme architecture storage - Low",
        "service": 4,
        "unit_time": null,
        "project": 5,
        "acceptance_criteria": "",
        "turnover": null,
        "description": "3D System Architecture storage to official Data-Base, ensure data quality and \r\ncoherency and connect to upper level according to the agreed target configuration"
    },
    "model": "projects.deliverable",
    "pk": 44
},
{
    "fields": {
        "code": "EGA2.3",
        "name": "EGA - DMU Extraction - High",
        "service": 2,
        "unit_time": null,
        "project": 5,
        "acceptance_criteria": "",
        "turnover": null,
        "description": "DMU extraction are often requested in order to perform various studies like :\r\nComparison between DMU extraction performed and theoretical aerodynamic shapes.\r\nCalculation studies.\r\nSpecific view on installed systems.(ex : AGU A380 system extraction)\r\nFlaps, slats, spoilers, ailerons, trap doors, RAT deployements. (ex : A350 MLG extraction with opened doors and leg doors)\r\nMesurement, dimensions of installed systems."
    },
    "model": "projects.deliverable",
    "pk": 45
},
{
    "fields": {
        "code": "S.3D.A2.2",
        "name": "EYIL - 3D Systeme architecture storage - Medium",
        "service": 4,
        "unit_time": null,
        "project": 5,
        "acceptance_criteria": "",
        "turnover": null,
        "description": "3D System Architecture storage to official Data-Base, ensure data quality and \r\ncoherency and connect to upper level according to the agreed target configuration"
    },
    "model": "projects.deliverable",
    "pk": 46
},
{
    "fields": {
        "code": "",
        "name": "DMU Support",
        "service": 18,
        "unit_time": null,
        "project": 7,
        "acceptance_criteria": "",
        "turnover": null,
        "description": "DMU Support"
    },
    "model": "projects.deliverable",
    "pk": 47
},
{
    "fields": {
        "code": "S.3D.A2.3",
        "name": "EYIL - 3D Systeme architecture storage - High",
        "service": 4,
        "unit_time": null,
        "project": 5,
        "acceptance_criteria": "",
        "turnover": null,
        "description": "3D System Architecture storage to official Data-Base, ensure data quality and \r\ncoherency and connect to upper level according to the agreed target configuration"
    },
    "model": "projects.deliverable",
    "pk": 48
},
{
    "fields": {
        "code": "S.3D.A2.4",
        "name": "EYIL - 3D Systeme architecture storage - Extraordinary",
        "service": 4,
        "unit_time": null,
        "project": 5,
        "acceptance_criteria": "",
        "turnover": null,
        "description": "3D System Architecture storage to official Data-Base, ensure data quality and \r\ncoherency and connect to upper level according to the agreed target configuration"
    },
    "model": "projects.deliverable",
    "pk": 49
},
{
    "fields": {
        "code": "S.3D.A1.2",
        "name": "EYIL - Conversion of PHYSICAL SYSTEM ARCHITECTURE - Medium",
        "service": 2,
        "unit_time": null,
        "project": 5,
        "acceptance_criteria": "",
        "turnover": null,
        "description": "Systems architectures(Layouts) are designed with Iris (format .xis) by architect designers.\r\n\r\nIn order to Systems Architectures are available in the DMU (DMUSERVER ,TREND), we should convert them (.xis) in order to they are available to format CatiaV5 (CATProduct) and then to store them in PDMLink SSCI."
    },
    "model": "projects.deliverable",
    "pk": 50
},
{
    "fields": {
        "code": "S.3D.A1.3",
        "name": "EYIL - Conversion of PHYSICAL SYSTEM ARCHITECTURE - High",
        "service": 2,
        "unit_time": null,
        "project": 5,
        "acceptance_criteria": "",
        "turnover": null,
        "description": "Systems architectures(Layouts) are designed with Iris (format .xis) by architect designers.\r\n\r\nIn order to Systems Architectures are available in the DMU (DMUSERVER ,TREND), we should convert them (.xis) in order to they are available to format CatiaV5 (CATProduct) and then to store them in PDMLink SSCI."
    },
    "model": "projects.deliverable",
    "pk": 51
},
{
    "fields": {
        "code": "",
        "name": "SSCI",
        "service": 1,
        "unit_time": null,
        "project": 7,
        "acceptance_criteria": "",
        "turnover": null,
        "description": "SSCI"
    },
    "model": "projects.deliverable",
    "pk": 52
},
{
    "fields": {
        "code": "",
        "name": "DEL Pdt Str. Mgt",
        "service": 4,
        "unit_time": null,
        "project": 8,
        "acceptance_criteria": "",
        "turnover": null,
        "description": "Product Structure Management"
    },
    "model": "projects.deliverable",
    "pk": 53
},
{
    "fields": {
        "code": "S.3D.A1.4",
        "name": "EYIL - Conversion of PHYSICAL SYSTEM ARCHITECTURE - Extraordinary",
        "service": 2,
        "unit_time": null,
        "project": 5,
        "acceptance_criteria": "",
        "turnover": null,
        "description": "Systems architectures(Layouts) are designed with Iris (format .xis) by architect designers.\r\n\r\nIn order to Systems Architectures are available in the DMU (DMUSERVER ,TREND), we should convert them (.xis) in order to they are available to format CatiaV5 (CATProduct) and then to store them in PDMLink SSCI."
    },
    "model": "projects.deliverable",
    "pk": 54
},
{
    "fields": {
        "code": "S.3D.A3.1",
        "name": "EYIL - Monitor consistency between GAM & SAM/GRM - Low",
        "service": 1,
        "unit_time": null,
        "project": 5,
        "acceptance_criteria": "",
        "turnover": null,
        "description": "Monitor consistency between GAM (Global Architecture Mock-up) and SAM/GRM. (List the consistency between the GAM and SAM/GRM in order to do modify the System installation or the Architecture System if there is some discrepencies, then the GAM and SAM/GRM will be \"the same\")"
    },
    "model": "projects.deliverable",
    "pk": 55
},
{
    "fields": {
        "code": "S.3D.A3.2",
        "name": "EYIL - Monitor consistency between GAM & SAM/GRM - Medium",
        "service": 1,
        "unit_time": null,
        "project": 5,
        "acceptance_criteria": "",
        "turnover": null,
        "description": "Monitor consistency between GAM (Global Architecture Mock-up) and SAM/GRM. (List the consistency between the GAM and SAM/GRM in order to do modify the System installation or the Architecture System if there is some discrepencies, then the GAM and SAM/GRM will be \"the same\")"
    },
    "model": "projects.deliverable",
    "pk": 56
},
{
    "fields": {
        "code": "S.3D.A3.3",
        "name": "EYIL - Monitor consistency between GAM & SAM/GRM - High",
        "service": 1,
        "unit_time": null,
        "project": 5,
        "acceptance_criteria": "",
        "turnover": null,
        "description": "Monitor consistency between GAM (Global Architecture Mock-up) and SAM/GRM. (List the consistency between the GAM and SAM/GRM in order to do modify the System installation or the Architecture System if there is some discrepencies, then the GAM and SAM/GRM will be \"the same\")"
    },
    "model": "projects.deliverable",
    "pk": 57
},
{
    "fields": {
        "code": "",
        "name": "DEL VPM Filter",
        "service": 4,
        "unit_time": null,
        "project": 8,
        "acceptance_criteria": "",
        "turnover": null,
        "description": "DEL VPM Filter"
    },
    "model": "projects.deliverable",
    "pk": 58
},
{
    "fields": {
        "code": "",
        "name": "DEL QC1 DS",
        "service": 1,
        "unit_time": null,
        "project": 8,
        "acceptance_criteria": "",
        "turnover": null,
        "description": "DEL QC1 DS"
    },
    "model": "projects.deliverable",
    "pk": 59
},
{
    "fields": {
        "code": "S.3D.A3.4",
        "name": "EYIL - Monitor consistency between GAM & SAM/GRM - Extraordinary",
        "service": 1,
        "unit_time": null,
        "project": 5,
        "acceptance_criteria": "",
        "turnover": null,
        "description": "Monitor consistency between GAM (Global Architecture Mock-up) and SAM/GRM. (List the consistency between the GAM and SAM/GRM in order to do modify the System installation or the Architecture System if there is some discrepencies, then the GAM and SAM/GRM will be \"the same\")"
    },
    "model": "projects.deliverable",
    "pk": 60
},
{
    "fields": {
        "code": "",
        "name": "DEL Clash analysis",
        "service": 3,
        "unit_time": null,
        "project": 8,
        "acceptance_criteria": "",
        "turnover": null,
        "description": "DEL Clash analysis"
    },
    "model": "projects.deliverable",
    "pk": 61
},
{
    "fields": {
        "code": "",
        "name": "DEL QC1 part",
        "service": 1,
        "unit_time": null,
        "project": 8,
        "acceptance_criteria": "",
        "turnover": null,
        "description": "DEL QC1 part"
    },
    "model": "projects.deliverable",
    "pk": 62
},
{
    "fields": {
        "code": "",
        "name": "DEL QC1 assy",
        "service": 1,
        "unit_time": null,
        "project": 8,
        "acceptance_criteria": "",
        "turnover": null,
        "description": "DEL QC1 assy"
    },
    "model": "projects.deliverable",
    "pk": 63
},
{
    "fields": {
        "code": "S.3D.A4.1",
        "name": "EYIL - Conversion of SAM (resp. GRM) environment in IRIS - Low",
        "service": 2,
        "unit_time": null,
        "project": 5,
        "acceptance_criteria": "",
        "turnover": null,
        "description": "Conversion of SAM (resp. GRM) environment in IRIS visualisation format"
    },
    "model": "projects.deliverable",
    "pk": 64
},
{
    "fields": {
        "code": "S.3D.A4.2",
        "name": "EYIL - Conversion of SAM (resp. GRM) environment in IRIS - Medium",
        "service": 2,
        "unit_time": null,
        "project": 5,
        "acceptance_criteria": "",
        "turnover": null,
        "description": "Conversion of SAM (resp. GRM) environment in IRIS visualisation format"
    },
    "model": "projects.deliverable",
    "pk": 65
},
{
    "fields": {
        "code": "S.3D.A4.4",
        "name": "EYIL - Conversion of SAM (resp. GRM) environment in IRIS - Extraordinary",
        "service": 2,
        "unit_time": null,
        "project": 5,
        "acceptance_criteria": "",
        "turnover": null,
        "description": "Conversion of SAM (resp. GRM) environment in IRIS visualisation format"
    },
    "model": "projects.deliverable",
    "pk": 66
},
{
    "fields": {
        "code": "S.3D.A4.3",
        "name": "EYIL - Conversion of SAM (resp. GRM) environment in IRIS - High",
        "service": 2,
        "unit_time": null,
        "project": 5,
        "acceptance_criteria": "",
        "turnover": null,
        "description": "Conversion of SAM (resp. GRM) environment in IRIS visualisation format"
    },
    "model": "projects.deliverable",
    "pk": 67
},
{
    "fields": {
        "code": "S.3D.A5",
        "name": "EYIL - 2D Antenna Drawings",
        "service": 4,
        "unit_time": null,
        "project": 5,
        "acceptance_criteria": "",
        "turnover": null,
        "description": "2D Antenna Drawings LR, A380, A350 (Cadds, CATIA V5)"
    },
    "model": "projects.deliverable",
    "pk": 68
},
{
    "fields": {
        "code": "S.3D.A6",
        "name": "EYIL - CAD support to Multi-System Physical Integration team",
        "service": 18,
        "unit_time": null,
        "project": 5,
        "acceptance_criteria": "",
        "turnover": null,
        "description": "CAD Support to Multi-System Physical Integration Team\r\n\r\n"
    },
    "model": "projects.deliverable",
    "pk": 69
},
{
    "fields": {
        "code": "S.3D.A7",
        "name": "EYIL - CAD Support for Safety analyses creation of PRA, Zones and Shadow models",
        "service": 18,
        "unit_time": null,
        "project": 5,
        "acceptance_criteria": "",
        "turnover": null,
        "description": "CAD Support for analyses creation of Particular Risk Analysis, Zones and Shadow models. (PRA, Zones and Shadow models will be used by Safety department for the aircraft certification).\r\n"
    },
    "model": "projects.deliverable",
    "pk": 70
},
{
    "fields": {
        "code": "S.3D.A8",
        "name": "EYIL - CAD Support for Safety analyses safety review meeting support",
        "service": 18,
        "unit_time": null,
        "project": 5,
        "acceptance_criteria": "",
        "turnover": null,
        "description": "CAD Support for analyses safety review meeting support."
    },
    "model": "projects.deliverable",
    "pk": 71
},
{
    "fields": {
        "code": "",
        "name": "DMU Support SA & LR",
        "service": 18,
        "unit_time": null,
        "project": 9,
        "acceptance_criteria": "",
        "turnover": null,
        "description": "Support to SA & LR design teams"
    },
    "model": "projects.deliverable",
    "pk": 72
},
{
    "fields": {
        "code": "",
        "name": "DQC Manager Maintenance",
        "service": 16,
        "unit_time": null,
        "project": 9,
        "acceptance_criteria": "",
        "turnover": null,
        "description": "DQC Manager Maintenance"
    },
    "model": "projects.deliverable",
    "pk": 73
},
{
    "fields": {
        "code": "",
        "name": "DMU-I & SSCI",
        "service": 1,
        "unit_time": null,
        "project": 10,
        "acceptance_criteria": "",
        "turnover": null,
        "description": "QC1 & QC2 activities"
    },
    "model": "projects.deliverable",
    "pk": 74
},
{
    "fields": {
        "code": "",
        "name": "DMU-I activities",
        "service": 1,
        "unit_time": null,
        "project": 11,
        "acceptance_criteria": "",
        "turnover": null,
        "description": "QC1, mostly"
    },
    "model": "projects.deliverable",
    "pk": 75
},
{
    "fields": {
        "code": "",
        "name": "Support",
        "service": 18,
        "unit_time": null,
        "project": 13,
        "acceptance_criteria": "",
        "turnover": null,
        "description": "Support"
    },
    "model": "projects.deliverable",
    "pk": 76
},
{
    "fields": {
        "code": "",
        "name": "Activities",
        "service": 10,
        "unit_time": null,
        "project": 12,
        "acceptance_criteria": "",
        "turnover": null,
        "description": "Activities"
    },
    "model": "projects.deliverable",
    "pk": 77
},
{
    "fields": {
        "code": "",
        "name": "Activities",
        "service": 16,
        "unit_time": null,
        "project": 14,
        "acceptance_criteria": "",
        "turnover": null,
        "description": "Activities"
    },
    "model": "projects.deliverable",
    "pk": 78
},
{
    "fields": {
        "deliverable": 2,
        "date_end": "2014-04-30",
        "date_start": "2014-01-01",
        "unit_price": "36.70",
        "quantity": 1930
    },
    "model": "projects.deliverablevolume",
    "pk": 2
},
{
    "fields": {
        "deliverable": 3,
        "date_end": "2014-04-30",
        "date_start": "2014-01-01",
        "unit_price": "25.00",
        "quantity": 58
    },
    "model": "projects.deliverablevolume",
    "pk": 3
},
{
    "fields": {
        "deliverable": 4,
        "date_end": "2014-03-31",
        "date_start": "2014-01-01",
        "unit_price": "5.62",
        "quantity": 480
    },
    "model": "projects.deliverablevolume",
    "pk": 4
},
{
    "fields": {
        "deliverable": 5,
        "date_end": "2014-04-30",
        "date_start": "2014-01-01",
        "unit_price": "140.00",
        "quantity": 13
    },
    "model": "projects.deliverablevolume",
    "pk": 5
},
{
    "fields": {
        "deliverable": 6,
        "date_end": "2014-01-31",
        "date_start": "2014-01-01",
        "unit_price": "72726.00",
        "quantity": 1
    },
    "model": "projects.deliverablevolume",
    "pk": 6
},
{
    "fields": {
        "deliverable": 7,
        "date_end": "2014-06-30",
        "date_start": "2014-01-01",
        "unit_price": "137592.00",
        "quantity": 1
    },
    "model": "projects.deliverablevolume",
    "pk": 7
},
{
    "fields": {
        "deliverable": 8,
        "date_end": "2014-06-30",
        "date_start": "2014-01-01",
        "unit_price": "96180.00",
        "quantity": 1
    },
    "model": "projects.deliverablevolume",
    "pk": 8
},
{
    "fields": {
        "deliverable": 9,
        "date_end": "2014-06-30",
        "date_start": "2014-01-01",
        "unit_price": "66452.00",
        "quantity": 1
    },
    "model": "projects.deliverablevolume",
    "pk": 9
},
{
    "fields": {
        "deliverable": 10,
        "date_end": "2014-06-30",
        "date_start": "2014-01-01",
        "unit_price": "59793.00",
        "quantity": 1
    },
    "model": "projects.deliverablevolume",
    "pk": 10
},
{
    "fields": {
        "deliverable": 11,
        "date_end": "2014-06-30",
        "date_start": "2014-01-01",
        "unit_price": "37800.00",
        "quantity": 1
    },
    "model": "projects.deliverablevolume",
    "pk": 11
},
{
    "fields": {
        "deliverable": 12,
        "date_end": "2014-06-30",
        "date_start": "2014-01-01",
        "unit_price": "42336.00",
        "quantity": 1
    },
    "model": "projects.deliverablevolume",
    "pk": 12
},
{
    "fields": {
        "deliverable": 13,
        "date_end": "2014-06-30",
        "date_start": "2014-01-01",
        "unit_price": "82656.00",
        "quantity": 1
    },
    "model": "projects.deliverablevolume",
    "pk": 13
},
{
    "fields": {
        "deliverable": 14,
        "date_end": "2014-12-31",
        "date_start": "2014-01-01",
        "unit_price": "88000.00",
        "quantity": 1
    },
    "model": "projects.deliverablevolume",
    "pk": 14
},
{
    "fields": {
        "deliverable": 15,
        "date_end": "2014-12-31",
        "date_start": "2014-01-01",
        "unit_price": "22000.00",
        "quantity": 1
    },
    "model": "projects.deliverablevolume",
    "pk": 15
},
{
    "fields": {
        "deliverable": 16,
        "date_end": "2014-06-30",
        "date_start": "2014-01-01",
        "unit_price": "175500.00",
        "quantity": 1
    },
    "model": "projects.deliverablevolume",
    "pk": 16
},
{
    "fields": {
        "deliverable": 16,
        "date_end": "2014-12-31",
        "date_start": "2014-07-01",
        "unit_price": "175500.00",
        "quantity": 1
    },
    "model": "projects.deliverablevolume",
    "pk": 17
},
{
    "fields": {
        "deliverable": 18,
        "date_end": "2014-06-30",
        "date_start": "2014-01-01",
        "unit_price": "60300.00",
        "quantity": 2
    },
    "model": "projects.deliverablevolume",
    "pk": 18
},
{
    "fields": {
        "deliverable": 18,
        "date_end": "2014-12-31",
        "date_start": "2014-07-01",
        "unit_price": "60300.00",
        "quantity": 2
    },
    "model": "projects.deliverablevolume",
    "pk": 19
},
{
    "fields": {
        "deliverable": 19,
        "date_end": "2014-06-30",
        "date_start": "2014-01-01",
        "unit_price": "55800.00",
        "quantity": 1
    },
    "model": "projects.deliverablevolume",
    "pk": 20
},
{
    "fields": {
        "deliverable": 19,
        "date_end": "2014-12-31",
        "date_start": "2014-07-01",
        "unit_price": "55800.00",
        "quantity": 1
    },
    "model": "projects.deliverablevolume",
    "pk": 21
},
{
    "fields": {
        "deliverable": 20,
        "date_end": "2014-12-31",
        "date_start": "2014-04-01",
        "unit_price": "104071.72",
        "quantity": 1
    },
    "model": "projects.deliverablevolume",
    "pk": 22
},
{
    "fields": {
        "deliverable": 21,
        "date_end": "2014-12-31",
        "date_start": "2014-01-01",
        "unit_price": "121.00",
        "quantity": 19
    },
    "model": "projects.deliverablevolume",
    "pk": 23
},
{
    "fields": {
        "deliverable": 22,
        "date_end": "2014-12-31",
        "date_start": "2014-01-01",
        "unit_price": "605.00",
        "quantity": 8
    },
    "model": "projects.deliverablevolume",
    "pk": 24
},
{
    "fields": {
        "deliverable": 23,
        "date_end": "2014-12-31",
        "date_start": "2014-01-01",
        "unit_price": "2420.00",
        "quantity": 1
    },
    "model": "projects.deliverablevolume",
    "pk": 25
},
{
    "fields": {
        "deliverable": 24,
        "date_end": "2014-12-31",
        "date_start": "2014-01-01",
        "unit_price": "484.00",
        "quantity": 9
    },
    "model": "projects.deliverablevolume",
    "pk": 26
},
{
    "fields": {
        "deliverable": 25,
        "date_end": "2014-09-30",
        "date_start": "2014-01-01",
        "unit_price": "5.25",
        "quantity": 2844
    },
    "model": "projects.deliverablevolume",
    "pk": 27
},
{
    "fields": {
        "deliverable": 26,
        "date_end": "2014-09-30",
        "date_start": "2014-01-01",
        "unit_price": "19.30",
        "quantity": 290
    },
    "model": "projects.deliverablevolume",
    "pk": 28
},
{
    "fields": {
        "deliverable": 27,
        "date_end": "2014-09-30",
        "date_start": "2014-01-01",
        "unit_price": "21.00",
        "quantity": 1197
    },
    "model": "projects.deliverablevolume",
    "pk": 29
},
{
    "fields": {
        "deliverable": 30,
        "date_end": "2014-09-30",
        "date_start": "2014-01-01",
        "unit_price": "34.50",
        "quantity": 1166
    },
    "model": "projects.deliverablevolume",
    "pk": 30
},
{
    "fields": {
        "deliverable": 31,
        "date_end": "2014-09-30",
        "date_start": "2014-01-01",
        "unit_price": "88.00",
        "quantity": 214
    },
    "model": "projects.deliverablevolume",
    "pk": 31
},
{
    "fields": {
        "deliverable": 32,
        "date_end": "2014-09-30",
        "date_start": "2014-01-01",
        "unit_price": "905.00",
        "quantity": 54
    },
    "model": "projects.deliverablevolume",
    "pk": 32
},
{
    "fields": {
        "deliverable": 33,
        "date_end": "2014-09-30",
        "date_start": "2014-01-01",
        "unit_price": "2795.00",
        "quantity": 41
    },
    "model": "projects.deliverablevolume",
    "pk": 33
},
{
    "fields": {
        "deliverable": 34,
        "date_end": "2014-09-30",
        "date_start": "2014-01-01",
        "unit_price": "448.00",
        "quantity": 49
    },
    "model": "projects.deliverablevolume",
    "pk": 34
},
{
    "fields": {
        "deliverable": 36,
        "date_end": "2014-09-30",
        "date_start": "2014-01-01",
        "unit_price": "50.00",
        "quantity": 143
    },
    "model": "projects.deliverablevolume",
    "pk": 35
},
{
    "fields": {
        "deliverable": 37,
        "date_end": "2014-09-30",
        "date_start": "2014-01-01",
        "unit_price": "12.50",
        "quantity": 421
    },
    "model": "projects.deliverablevolume",
    "pk": 36
},
{
    "fields": {
        "deliverable": 38,
        "date_end": "2014-09-30",
        "date_start": "2014-01-01",
        "unit_price": "300.00",
        "quantity": 35
    },
    "model": "projects.deliverablevolume",
    "pk": 37
},
{
    "fields": {
        "deliverable": 39,
        "date_end": "2014-09-30",
        "date_start": "2014-01-01",
        "unit_price": "215.00",
        "quantity": 91
    },
    "model": "projects.deliverablevolume",
    "pk": 38
},
{
    "fields": {
        "deliverable": 40,
        "date_end": "2014-09-30",
        "date_start": "2014-01-01",
        "unit_price": "500.00",
        "quantity": 478
    },
    "model": "projects.deliverablevolume",
    "pk": 39
},
{
    "fields": {
        "deliverable": 47,
        "date_end": "2014-12-31",
        "date_start": "2014-01-01",
        "unit_price": "221198.00",
        "quantity": 1
    },
    "model": "projects.deliverablevolume",
    "pk": 40
},
{
    "fields": {
        "deliverable": 52,
        "date_end": "2014-12-31",
        "date_start": "2014-01-01",
        "unit_price": "221198.00",
        "quantity": 1
    },
    "model": "projects.deliverablevolume",
    "pk": 41
},
{
    "fields": {
        "deliverable": 53,
        "date_end": "2014-12-31",
        "date_start": "2014-01-01",
        "unit_price": "5.25",
        "quantity": 100
    },
    "model": "projects.deliverablevolume",
    "pk": 42
},
{
    "fields": {
        "deliverable": 58,
        "date_end": "2014-12-31",
        "date_start": "2014-01-01",
        "unit_price": "50.00",
        "quantity": 2
    },
    "model": "projects.deliverablevolume",
    "pk": 43
},
{
    "fields": {
        "deliverable": 59,
        "date_end": "2014-12-31",
        "date_start": "2014-01-01",
        "unit_price": "34.50",
        "quantity": 200
    },
    "model": "projects.deliverablevolume",
    "pk": 44
},
{
    "fields": {
        "deliverable": 61,
        "date_end": "2014-12-31",
        "date_start": "2014-01-01",
        "unit_price": "300.00",
        "quantity": 2
    },
    "model": "projects.deliverablevolume",
    "pk": 45
},
{
    "fields": {
        "deliverable": 62,
        "date_end": "2014-12-31",
        "date_start": "2014-01-01",
        "unit_price": "19.30",
        "quantity": 100
    },
    "model": "projects.deliverablevolume",
    "pk": 46
},
{
    "fields": {
        "deliverable": 63,
        "date_end": "2014-12-31",
        "date_start": "2014-01-01",
        "unit_price": "21.00",
        "quantity": 150
    },
    "model": "projects.deliverablevolume",
    "pk": 47
},
{
    "fields": {
        "deliverable": 28,
        "date_end": "2014-12-31",
        "date_start": "2014-01-01",
        "unit_price": "1452.00",
        "quantity": 3
    },
    "model": "projects.deliverablevolume",
    "pk": 48
},
{
    "fields": {
        "deliverable": 45,
        "date_end": "2014-12-31",
        "date_start": "2014-01-01",
        "unit_price": "3872.00",
        "quantity": 0
    },
    "model": "projects.deliverablevolume",
    "pk": 49
},
{
    "fields": {
        "deliverable": 35,
        "date_end": "2014-12-31",
        "date_start": "2014-01-01",
        "unit_price": "2420.00",
        "quantity": 0
    },
    "model": "projects.deliverablevolume",
    "pk": 50
},
{
    "fields": {
        "deliverable": 41,
        "date_end": "2014-12-31",
        "date_start": "2014-01-01",
        "unit_price": "121.00",
        "quantity": 36
    },
    "model": "projects.deliverablevolume",
    "pk": 51
},
{
    "fields": {
        "deliverable": 43,
        "date_end": "2014-12-31",
        "date_start": "2014-01-01",
        "unit_price": "43.13",
        "quantity": 100
    },
    "model": "projects.deliverablevolume",
    "pk": 52
},
{
    "fields": {
        "deliverable": 50,
        "date_end": "2014-12-31",
        "date_start": "2014-01-01",
        "unit_price": "57.50",
        "quantity": 50
    },
    "model": "projects.deliverablevolume",
    "pk": 53
},
{
    "fields": {
        "deliverable": 51,
        "date_end": "2014-12-31",
        "date_start": "2014-01-01",
        "unit_price": "115.00",
        "quantity": 20
    },
    "model": "projects.deliverablevolume",
    "pk": 54
},
{
    "fields": {
        "deliverable": 54,
        "date_end": "2014-12-31",
        "date_start": "2014-01-01",
        "unit_price": "460.00",
        "quantity": 10
    },
    "model": "projects.deliverablevolume",
    "pk": 55
},
{
    "fields": {
        "deliverable": 44,
        "date_end": "2014-12-31",
        "date_start": "2014-01-01",
        "unit_price": "115.00",
        "quantity": 80
    },
    "model": "projects.deliverablevolume",
    "pk": 56
},
{
    "fields": {
        "deliverable": 46,
        "date_end": "2014-12-31",
        "date_start": "2014-01-01",
        "unit_price": "230.00",
        "quantity": 40
    },
    "model": "projects.deliverablevolume",
    "pk": 57
},
{
    "fields": {
        "deliverable": 48,
        "date_end": "2014-12-31",
        "date_start": "2014-01-01",
        "unit_price": "460.00",
        "quantity": 15
    },
    "model": "projects.deliverablevolume",
    "pk": 58
},
{
    "fields": {
        "deliverable": 49,
        "date_end": "2014-12-31",
        "date_start": "2014-01-01",
        "unit_price": "1380.00",
        "quantity": 7
    },
    "model": "projects.deliverablevolume",
    "pk": 59
},
{
    "fields": {
        "deliverable": 55,
        "date_end": "2014-12-31",
        "date_start": "2014-01-01",
        "unit_price": "57.50",
        "quantity": 3
    },
    "model": "projects.deliverablevolume",
    "pk": 60
},
{
    "fields": {
        "deliverable": 56,
        "date_end": "2014-12-31",
        "date_start": "2014-01-01",
        "unit_price": "115.00",
        "quantity": 3
    },
    "model": "projects.deliverablevolume",
    "pk": 61
},
{
    "fields": {
        "deliverable": 57,
        "date_end": "2014-12-31",
        "date_start": "2014-01-01",
        "unit_price": "172.50",
        "quantity": 3
    },
    "model": "projects.deliverablevolume",
    "pk": 62
},
{
    "fields": {
        "deliverable": 60,
        "date_end": "2014-12-31",
        "date_start": "2014-01-01",
        "unit_price": "460.00",
        "quantity": 3
    },
    "model": "projects.deliverablevolume",
    "pk": 63
},
{
    "fields": {
        "deliverable": 64,
        "date_end": "2014-12-31",
        "date_start": "2014-01-01",
        "unit_price": "28.75",
        "quantity": 5
    },
    "model": "projects.deliverablevolume",
    "pk": 64
},
{
    "fields": {
        "deliverable": 65,
        "date_end": "2014-12-31",
        "date_start": "2014-01-01",
        "unit_price": "57.50",
        "quantity": 5
    },
    "model": "projects.deliverablevolume",
    "pk": 65
},
{
    "fields": {
        "deliverable": 67,
        "date_end": "2014-12-31",
        "date_start": "2014-01-01",
        "unit_price": "115.00",
        "quantity": 15
    },
    "model": "projects.deliverablevolume",
    "pk": 66
},
{
    "fields": {
        "deliverable": 66,
        "date_end": "2014-12-31",
        "date_start": "2014-01-01",
        "unit_price": "460.00",
        "quantity": 5
    },
    "model": "projects.deliverablevolume",
    "pk": 67
},
{
    "fields": {
        "deliverable": 68,
        "date_end": "2014-12-31",
        "date_start": "2014-01-01",
        "unit_price": "230.00",
        "quantity": 5
    },
    "model": "projects.deliverablevolume",
    "pk": 68
},
{
    "fields": {
        "deliverable": 69,
        "date_end": "2014-12-31",
        "date_start": "2014-01-01",
        "unit_price": "57.50",
        "quantity": 400
    },
    "model": "projects.deliverablevolume",
    "pk": 69
},
{
    "fields": {
        "deliverable": 70,
        "date_end": "2014-12-31",
        "date_start": "2014-01-01",
        "unit_price": "460.00",
        "quantity": 5
    },
    "model": "projects.deliverablevolume",
    "pk": 70
},
{
    "fields": {
        "deliverable": 71,
        "date_end": "2014-12-31",
        "date_start": "2014-01-01",
        "unit_price": "460.00",
        "quantity": 2
    },
    "model": "projects.deliverablevolume",
    "pk": 71
},
{
    "fields": {
        "deliverable": 72,
        "date_end": "2014-12-31",
        "date_start": "2014-01-01",
        "unit_price": "35150.00",
        "quantity": 4
    },
    "model": "projects.deliverablevolume",
    "pk": 72
},
{
    "fields": {
        "deliverable": 73,
        "date_end": "2014-12-31",
        "date_start": "2014-04-01",
        "unit_price": "157000.00",
        "quantity": 1
    },
    "model": "projects.deliverablevolume",
    "pk": 73
},
{
    "fields": {
        "deliverable": 73,
        "date_end": "2014-03-31",
        "date_start": "2014-01-01",
        "unit_price": "103000.00",
        "quantity": 1
    },
    "model": "projects.deliverablevolume",
    "pk": 74
},
{
    "fields": {
        "deliverable": 74,
        "date_end": "2014-12-31",
        "date_start": "2014-01-01",
        "unit_price": "98450.00",
        "quantity": 1
    },
    "model": "projects.deliverablevolume",
    "pk": 75
},
{
    "fields": {
        "deliverable": 75,
        "date_end": "2014-03-31",
        "date_start": "2014-01-01",
        "unit_price": "11500.00",
        "quantity": 1
    },
    "model": "projects.deliverablevolume",
    "pk": 76
},
{
    "fields": {
        "deliverable": 76,
        "date_end": "2014-02-28",
        "date_start": "2014-01-01",
        "unit_price": "16400.00",
        "quantity": 2
    },
    "model": "projects.deliverablevolume",
    "pk": 77
},
{
    "fields": {
        "deliverable": 77,
        "date_end": "2014-06-30",
        "date_start": "2014-04-01",
        "unit_price": "75933.00",
        "quantity": 1
    },
    "model": "projects.deliverablevolume",
    "pk": 78
},
{
    "fields": {
        "deliverable": 77,
        "date_end": "2014-12-31",
        "date_start": "2014-07-01",
        "unit_price": "215972.90",
        "quantity": 1
    },
    "model": "projects.deliverablevolume",
    "pk": 79
},
{
    "fields": {
        "deliverable": 78,
        "date_end": "2014-03-31",
        "date_start": "2014-01-01",
        "unit_price": "33000.00",
        "quantity": 1
    },
    "model": "projects.deliverablevolume",
    "pk": 80
},
{
    "fields": {
        "deliverable": 78,
        "date_end": "2014-12-31",
        "date_start": "2014-04-01",
        "unit_price": "50000.00",
        "quantity": 1
    },
    "model": "projects.deliverablevolume",
    "pk": 81
},
{
    "fields": {
        "owner": 1,
        "is_active": true,
        "name": "DMU",
        "description": "Digital Mock Up"
    },
    "model": "services.domain",
    "pk": 1
},
{
    "fields": {
        "owner": 7,
        "is_active": true,
        "name": "SLM",
        "description": "Service Lifecycle Management"
    },
    "model": "services.domain",
    "pk": 5
},
{
    "fields": {
        "owner": 4,
        "domain": 1,
        "is_active": true,
        "name": "DMU Quality",
        "description": "Ensuring DMU is at the right Quality level"
    },
    "model": "services.servicefamily",
    "pk": 1
},
{
    "fields": {
        "owner": 5,
        "domain": 1,
        "is_active": true,
        "name": "DMU Simulations",
        "description": "Using the DMU to perform advanced simulations and analysis"
    },
    "model": "services.servicefamily",
    "pk": 2
},
{
    "fields": {
        "owner": 6,
        "domain": 1,
        "is_active": true,
        "name": "DMU PM&T",
        "description": "DMU Process, Methods and Tools"
    },
    "model": "services.servicefamily",
    "pk": 3
},
{
    "fields": {
        "owner": 3,
        "service_family": 1,
        "is_active": true,
        "name": "DMU Quality Checks",
        "description": "Check conformity with DMU rules (visibility, clashes, position\u2026) or Design Rules (Clearances, Bend radii, diameters\u2026)"
    },
    "model": "services.service",
    "pk": 1
},
{
    "fields": {
        "owner": 3,
        "service_family": 1,
        "is_active": true,
        "name": "DMU Extraction",
        "description": "Extract data from DMU, filtering out unnecessary information and optionally convert it to another format\r\n"
    },
    "model": "services.service",
    "pk": 2
},
{
    "fields": {
        "owner": 3,
        "service_family": 1,
        "is_active": true,
        "name": "Trouble Management",
        "description": "Analyse, Follow up and report on Trouble (DMU identified issues, like clashes)"
    },
    "model": "services.service",
    "pk": 3
},
{
    "fields": {
        "owner": 4,
        "service_family": 1,
        "is_active": true,
        "name": "Product Structure Administration",
        "description": "Manage Product Structure nodes at Top Level, ensure consistency, attach Design Data"
    },
    "model": "services.service",
    "pk": 4
},
{
    "fields": {
        "owner": 4,
        "service_family": 1,
        "is_active": true,
        "name": "DMU Reviews",
        "description": "Prepare and Run DMU Review sessions"
    },
    "model": "services.service",
    "pk": 5
},
{
    "fields": {
        "owner": 3,
        "service_family": 1,
        "is_active": true,
        "name": "DMU KPI Development",
        "description": "Create KPI sets, and provide extensive analysis thanks to combined DMU data & Data mining expertise"
    },
    "model": "services.service",
    "pk": 6
},
{
    "fields": {
        "owner": 5,
        "service_family": 2,
        "is_active": true,
        "name": "Virtual Reality",
        "description": "Immersion in the Virtual Product using 3D glasses, helmets, with product enhanced with physics, textures\u2026\r\n"
    },
    "model": "services.service",
    "pk": 7
},
{
    "fields": {
        "owner": 7,
        "service_family": 2,
        "is_active": true,
        "name": "DMU Maintenance Simulations",
        "description": "Check accessibility, using virtual manikins, including tooling and ergonomics\r\n"
    },
    "model": "services.service",
    "pk": 8
},
{
    "fields": {
        "owner": 7,
        "service_family": 2,
        "is_active": true,
        "name": "In Operation DMU Simulations",
        "description": "Simulate the Product in its operative environment, such as airports, stations, vehicles\u2026\r\n"
    },
    "model": "services.service",
    "pk": 9
},
{
    "fields": {
        "owner": 5,
        "service_family": 2,
        "is_active": true,
        "name": "DMU Manufacturing Simulations",
        "description": "Check Assembling Sequences, including speed, tooling constraints\u2026\r\n"
    },
    "model": "services.service",
    "pk": 10
},
{
    "fields": {
        "owner": 7,
        "service_family": 2,
        "is_active": true,
        "name": "DMU for Technical Documentation",
        "description": "Produce 3D animations to support documentation on Product Operations\r\n"
    },
    "model": "services.service",
    "pk": 11
},
{
    "fields": {
        "owner": 5,
        "service_family": 2,
        "is_active": true,
        "name": "DMU Inspection",
        "description": "Detect any kind of issues in the DMU, perform comparisons between DMUs\u2026\r\n"
    },
    "model": "services.service",
    "pk": 12
},
{
    "fields": {
        "owner": 6,
        "service_family": 3,
        "is_active": true,
        "name": "DMU Needs Capture",
        "description": "Clearly describe operational teams needs, be it a new Process, Method or Tool, and estimate benefits (Time, Cost, Quality)\r\n"
    },
    "model": "services.service",
    "pk": 13
},
{
    "fields": {
        "owner": 6,
        "service_family": 3,
        "is_active": true,
        "name": "DMU Consulting",
        "description": "Help with defining DMU Strategy (business cases, roadmaps\u2026), partnerships, implementation\r\n"
    },
    "model": "services.service",
    "pk": 14
},
{
    "fields": {
        "owner": 6,
        "service_family": 3,
        "is_active": true,
        "name": "DMU Optimisation & Implementation",
        "description": "Audit and challenge existing Processes & Methods, define optimisations, and drive their implementations\r\n"
    },
    "model": "services.service",
    "pk": 15
},
{
    "fields": {
        "owner": 1,
        "service_family": 3,
        "is_active": true,
        "name": "Prototyping",
        "description": "Implement Quick Wins (Scripts, Databases\u2026) using Agile development techniques\r\n"
    },
    "model": "services.service",
    "pk": 16
},
{
    "fields": {
        "owner": 6,
        "service_family": 3,
        "is_active": true,
        "name": "DMU Light Training",
        "description": "Create and animate \u00ab\u00a0Light Training\u00a0\u00bb sessions (awareness, communications\u2026)\r\n"
    },
    "model": "services.service",
    "pk": 17
},
{
    "fields": {
        "owner": 6,
        "service_family": 3,
        "is_active": true,
        "name": "DMU Support",
        "description": "Provide Support to other DMU Users on using the DMU or associated processes (clash, inspection\u2026.)"
    },
    "model": "services.service",
    "pk": 18
},
{
    "fields": {
        "name": "DMU",
        "description": "Digital Mockup"
    },
    "model": "qualifications.skillcategory",
    "pk": 1
},
{
    "fields": {
        "name": "Design to Cost consultant",
        "description": "* Animating collaborative multi-functional work sessions (Brainstorming, Value Engineering and creativity methods) to identify potential RC savings areas and to increase cost opportunities portfolio.\r\n* Providing Engineering with Cost Awareness studies\r\n* Performing trans-PDTs and trans-Programs cross-fertilization \r\n* Analysing cost impact, cost drivers, assessing alternatives, preparing multi-criteria decision dossier and trans-PDTs consolidation.\r\n* Performing functional anlysis\r\n* Ensuring traceability on studies and correct database fulfilment \r\n* Recurring Cost (RC) report update \r\n* RC steering preparation \r\n* Detect each cost assumption deviation Vs programme given rules\r\n* Prepare and participate to the deep dive sessions (convergence exercise after bottom-up) with plants / PDT"
    },
    "model": "qualifications.job",
    "pk": 1
},
{
    "fields": {
        "name": "PMO",
        "description": "* Check data quality \r\n* Provide necessary reportings to customer / project leader / project team members"
    },
    "model": "qualifications.job",
    "pk": 2
},
{
    "fields": {
        "name": "Corner Fitting Specialist",
        "description": "Corner Fitting is an activity where the Physical Manufactured parts are reversed engineered to find the best drilling matches"
    },
    "model": "qualifications.job",
    "pk": 3
},
{
    "fields": {
        "name": "CAD Support",
        "description": "Support users on various CAD aspects"
    },
    "model": "qualifications.job",
    "pk": 4
},
{
    "fields": {
        "name": "Developper",
        "description": "Create or Update software, librairies, IT tools..."
    },
    "model": "qualifications.job",
    "pk": 5
},
{
    "fields": {
        "name": "Business Project Leader",
        "description": "Drive GPP & LBIP Projects from Business Point of View"
    },
    "model": "qualifications.job",
    "pk": 6
},
{
    "fields": {
        "name": "VR Room Supporter",
        "description": "Support Virtual Reality (VR) Room operators, helping them with technical issues they could meet. Coach Operators and Users on using Virtual Reality means"
    },
    "model": "qualifications.job",
    "pk": 7
},
{
    "fields": {
        "name": "Tester",
        "description": "Perform tests using existing test scripts"
    },
    "model": "qualifications.job",
    "pk": 8
},
{
    "fields": {
        "name": "EPF Manager Deputy",
        "description": "Role & responsibilities of the EPF A380:\r\n\r\nDeputy of EPF Manager : overview of Team status, risks & issues, in relationship with EPF Manager & Project Leader"
    },
    "model": "qualifications.job",
    "pk": 9
},
{
    "fields": {
        "name": "Technical - Functional architect",
        "description": "Propose possible solutions, build scenarios, interview business experts to collect needs..."
    },
    "model": "qualifications.job",
    "pk": 10
},
{
    "fields": {
        "name": "DMU Support",
        "description": "Support on all DMU activities"
    },
    "model": "qualifications.job",
    "pk": 11
},
{
    "fields": {
        "name": "ADOC Support",
        "description": "No job desc available yet"
    },
    "model": "qualifications.job",
    "pk": 12
},
{
    "fields": {
        "name": "EPF Support",
        "description": "EE activities"
    },
    "model": "qualifications.job",
    "pk": 13
},
{
    "fields": {
        "name": "Project Leader",
        "description": "Lead Project"
    },
    "model": "qualifications.job",
    "pk": 14
},
{
    "fields": {
        "name": "Senior Consultant",
        "description": "Highly skilled on topic, able to develop business in the allocated area."
    },
    "model": "qualifications.job",
    "pk": 15
},
{
    "fields": {
        "name": "Toulouse"
    },
    "model": "qualifications.location",
    "pk": 1
},
{
    "fields": {
        "name": "Hamburg"
    },
    "model": "qualifications.location",
    "pk": 2
},
{
    "fields": {
        "name": "Filton"
    },
    "model": "qualifications.location",
    "pk": 3
},
{
    "fields": {
        "name": "Madrid"
    },
    "model": "qualifications.location",
    "pk": 4
},
{
    "fields": {
        "name": "Nantes"
    },
    "model": "qualifications.location",
    "pk": 5
},
{
    "fields": {
        "name": "St Nazaire"
    },
    "model": "qualifications.location",
    "pk": 6
},
{
    "fields": {
        "css_class": "label-default",
        "name": "Anticipation"
    },
    "model": "qualifications.positionstatus",
    "pk": "A"
},
{
    "fields": {
        "css_class": "label-danger",
        "name": "Cancelled"
    },
    "model": "qualifications.positionstatus",
    "pk": "C"
},
{
    "fields": {
        "css_class": "label-success",
        "name": "Fully Staffed"
    },
    "model": "qualifications.positionstatus",
    "pk": "S"
},
{
    "fields": {
        "css_class": "label-primary",
        "name": "Validated"
    },
    "model": "qualifications.positionstatus",
    "pk": "V"
},
{
    "fields": {
        "status": "S",
        "comment": "",
        "project": 15,
        "job": 1,
        "publish_date": "2014-09-01",
        "location": 1,
        "headcount": "3.00"
    },
    "model": "qualifications.position",
    "pk": 1
},
{
    "fields": {
        "status": "C",
        "comment": "Change of priorities on Customer side",
        "project": 15,
        "job": 1,
        "publish_date": "2014-09-01",
        "location": 2,
        "headcount": "6.00"
    },
    "model": "qualifications.position",
    "pk": 4
},
{
    "fields": {
        "status": "S",
        "comment": null,
        "project": 15,
        "job": 2,
        "publish_date": "2014-10-13",
        "location": 1,
        "headcount": "1.00"
    },
    "model": "qualifications.position",
    "pk": 6
},
{
    "fields": {
        "status": "A",
        "comment": null,
        "project": 16,
        "job": 3,
        "publish_date": "2014-10-21",
        "location": 5,
        "headcount": "1.00"
    },
    "model": "qualifications.position",
    "pk": 7
},
{
    "fields": {
        "status": "A",
        "comment": "No possibility to support from BS, Windchill 10 experience is mandatory",
        "project": 17,
        "job": 4,
        "publish_date": "2014-10-23",
        "location": 5,
        "headcount": "2.00"
    },
    "model": "qualifications.position",
    "pk": 8
},
{
    "fields": {
        "status": "S",
        "comment": null,
        "project": 4,
        "job": 5,
        "publish_date": "2014-10-23",
        "location": 1,
        "headcount": "1.00"
    },
    "model": "qualifications.position",
    "pk": 9
},
{
    "fields": {
        "status": "S",
        "comment": null,
        "project": 18,
        "job": 6,
        "publish_date": "2014-10-20",
        "location": 1,
        "headcount": "1.00"
    },
    "model": "qualifications.position",
    "pk": 10
},
{
    "fields": {
        "status": "S",
        "comment": "",
        "project": 19,
        "job": 7,
        "publish_date": "2014-10-28",
        "location": 4,
        "headcount": "1.00"
    },
    "model": "qualifications.position",
    "pk": 11
},
{
    "fields": {
        "status": "S",
        "comment": "",
        "project": 20,
        "job": 4,
        "publish_date": "2014-10-28",
        "location": 1,
        "headcount": "2.00"
    },
    "model": "qualifications.position",
    "pk": 12
},
{
    "fields": {
        "status": "S",
        "comment": null,
        "project": 21,
        "job": 2,
        "publish_date": "2014-10-30",
        "location": 1,
        "headcount": "1.00"
    },
    "model": "qualifications.position",
    "pk": 13
},
{
    "fields": {
        "status": "S",
        "comment": "",
        "project": 22,
        "job": 8,
        "publish_date": "2014-10-31",
        "location": 1,
        "headcount": "1.00"
    },
    "model": "qualifications.position",
    "pk": 14
},
{
    "fields": {
        "status": "S",
        "comment": "",
        "project": 23,
        "job": 9,
        "publish_date": "2014-10-09",
        "location": 2,
        "headcount": "1.00"
    },
    "model": "qualifications.position",
    "pk": 15
},
{
    "fields": {
        "status": "S",
        "comment": "Pr\u00e9-\u00e9tude de faisabilit\u00e9 et +, sur la construction d\u2019un r\u00e9f\u00e9rentiel collaboratif de scans de points, photos 360\u00b0  voire de maquettes num\u00e9riques en coh\u00e9rence avec les scans et les photos \u2013 stockage, partage, gestion de versions, identification,\u2026\r\n\r\nLes maquettes num\u00e9riques partielles sont issues de la transformation de nuage de points de scans 3D \u2013 solution en cours d\u2019\u00e9tude suite AVEVA LFM.\r\n\r\nLa connaissance des principes de re/construction de maquette num\u00e9rique (MNU) 3D est un point tr\u00e8s important pour cette mission.\r\n\r\nEDF utilise actuellement les scans de points 3D pour reconstruire partiellement la MNU de la zone d\u2019intervention.\r\nLa reconstruction de la MNU du site de fera au fil de l\u2019eau en fonction des modifs/\u00e9tudes.\r\nActuellement EDF reconstruit partiellement avec Solidworks / Realworks et PDMS en fonction des besoins.\r\n\r\nLa volum\u00e9trie (taille) des scans et des photos 360\u00b0 est potentiellement tr\u00e8s importante.\r\nIl s\u2019agira de mettre en coh\u00e9rence (positionnement, rep\u00e9rage,\u2026) les 3 types de donn\u00e9es : Scans de points, photos 360\u00b0 et MNU partielles.\r\n\r\nIl est important de bien conna\u00eetre les principes des MNU 3D : recalage/changement de rep\u00e8res des MNU partielles, de positionnement dans l\u2019espace,\u2026\r\nL\u2019exp\u00e9rience sur ces sujets est importante.\r\n\r\nPlusieurs pistes sont \u00e0 explorer en terme de solutions pour ce r\u00e9f\u00e9rentiel : BD spatiales (GIS), MDD, AVEVA PDMS,\u2026\r\n\r\nLa personne doit s\u2019appuyer sur ses connaissances de la MNU 3D pour recueillir / affiner les besoins m\u00e9tiers, investiguer sur des solutions pour d\u00e9grossir la faisabilit\u00e9 et identifier les POCs \u00e0 construire.\r\n\r\nCette \u00e9tude est tr\u00e8s importante pour \u00e9tayer le dossier qui sera pr\u00e9sent\u00e9 en COPIL fin novembre \u00e0 Mr Lagarde, puis en COSTRAT \u00e0 Mrs Machenaud et Miraucourt le 15 d\u00e9cembre.",
        "project": 24,
        "job": 10,
        "publish_date": "2014-11-13",
        "location": 1,
        "headcount": "1.00"
    },
    "model": "qualifications.position",
    "pk": 16
},
{
    "fields": {
        "status": "S",
        "comment": "50% Need. Replacement of S\u00e9bastien Demaison, who is going on Airport",
        "project": 25,
        "job": 11,
        "publish_date": "2014-11-28",
        "location": 1,
        "headcount": "0.50"
    },
    "model": "qualifications.position",
    "pk": 17
},
{
    "fields": {
        "status": "A",
        "comment": "",
        "project": 26,
        "job": 6,
        "publish_date": "2014-11-28",
        "location": 4,
        "headcount": "1.00"
    },
    "model": "qualifications.position",
    "pk": 18
},
{
    "fields": {
        "status": "S",
        "comment": "Replacement of a S/C",
        "project": 6,
        "job": 11,
        "publish_date": "2014-12-09",
        "location": 1,
        "headcount": "1.00"
    },
    "model": "qualifications.position",
    "pk": 19
},
{
    "fields": {
        "status": "C",
        "comment": "Replacement of Alten subcontract",
        "project": 15,
        "job": 11,
        "publish_date": "2014-12-04",
        "location": 2,
        "headcount": "3.00"
    },
    "model": "qualifications.position",
    "pk": 20
},
{
    "fields": {
        "status": "A",
        "comment": "Possible replacement of Florian Demange if Florian selected on DtC",
        "project": 27,
        "job": 11,
        "publish_date": "2014-11-21",
        "location": 1,
        "headcount": "1.00"
    },
    "model": "qualifications.position",
    "pk": 21
},
{
    "fields": {
        "status": "V",
        "comment": "",
        "project": 28,
        "job": 13,
        "publish_date": "2014-12-11",
        "location": 1,
        "headcount": "5.00"
    },
    "model": "qualifications.position",
    "pk": 22
},
{
    "fields": {
        "status": "V",
        "comment": "",
        "project": 29,
        "job": 14,
        "publish_date": "2015-01-12",
        "location": 1,
        "headcount": "1.00"
    },
    "model": "qualifications.position",
    "pk": 23
},
{
    "fields": {
        "status": "V",
        "comment": "",
        "project": 30,
        "job": 1,
        "publish_date": "2014-11-03",
        "location": 1,
        "headcount": "1.00"
    },
    "model": "qualifications.position",
    "pk": 24
},
{
    "fields": {
        "status": "A",
        "comment": "PLM Support has to be provided for Engineering LCA/CATIA V5 users in the areas of organizing and executing floorwalk support, training and the analysis and optimizing of existing and development of new working methods and processes in the area of PLM/CAD-Management.\r\nThis role is to work within the company\u2019s Engineering \u201cDesign Integration & Structure BoM\u201d organisation. It will require individuals who are highly motivated, pro-active and experienced LCA and CATIA V5 Application Engineers with an automotive industry background, who clearly understand the challenges faced in successfully implementing and optimizing CAD software applications in an automotive PLM design-in-context environment.  \r\n\r\nMission needs to be 2 days per week in Germany (Volkswagen)",
        "project": 31,
        "job": 4,
        "publish_date": "2015-01-07",
        "location": 3,
        "headcount": "2.00"
    },
    "model": "qualifications.position",
    "pk": 25
},
{
    "fields": {
        "status": "V",
        "comment": "",
        "project": 31,
        "job": 11,
        "publish_date": "2015-01-15",
        "location": 2,
        "headcount": "1.00"
    },
    "model": "qualifications.position",
    "pk": 26
},
{
    "fields": {
        "status": "S",
        "comment": "Urgent need, checking if the DMU contains all the elements from the BOM",
        "project": 30,
        "job": 11,
        "publish_date": "2015-01-15",
        "location": 2,
        "headcount": "1.00"
    },
    "model": "qualifications.position",
    "pk": 27
},
{
    "fields": {
        "css_class": "label-success",
        "name": "Approved"
    },
    "model": "qualifications.employeepositionstatus",
    "pk": "A"
},
{
    "fields": {
        "css_class": "label-primary",
        "name": "Current Position"
    },
    "model": "qualifications.employeepositionstatus",
    "pk": "C"
},
{
    "fields": {
        "css_class": "label-default",
        "name": "Idea"
    },
    "model": "qualifications.employeepositionstatus",
    "pk": "I"
},
{
    "fields": {
        "css_class": "label-info",
        "name": "Previous Position"
    },
    "model": "qualifications.employeepositionstatus",
    "pk": "P"
},
{
    "fields": {
        "css_class": "label-danger",
        "name": "Rejected"
    },
    "model": "qualifications.employeepositionstatus",
    "pk": "R"
},
{
    "fields": {
        "css_class": "label-warning",
        "name": "Under Study"
    },
    "model": "qualifications.employeepositionstatus",
    "pk": "S"
},
{
    "fields": {
        "status": "S",
        "end_date": null,
        "comments": "Experience on Manufacturing Engineering",
        "employee": 12,
        "position": 1,
        "start_date": null
    },
    "model": "qualifications.employeeposition",
    "pk": 1
},
{
    "fields": {
        "status": "I",
        "end_date": null,
        "comments": "She is not mobile, is that an issue ?",
        "employee": 13,
        "position": 1,
        "start_date": null
    },
    "model": "qualifications.employeeposition",
    "pk": 2
},
{
    "fields": {
        "status": "I",
        "end_date": null,
        "comments": "Could be available in 2015",
        "employee": 14,
        "position": 1,
        "start_date": null
    },
    "model": "qualifications.employeeposition",
    "pk": 3
},
{
    "fields": {
        "status": "R",
        "end_date": null,
        "comments": "Too much stress in this mission, not recommended for J\u00e9r\u00f4me",
        "employee": 15,
        "position": 1,
        "start_date": null
    },
    "model": "qualifications.employeeposition",
    "pk": 4
},
{
    "fields": {
        "status": "C",
        "end_date": null,
        "comments": "Dry run on Oct 21st",
        "employee": 17,
        "position": 1,
        "start_date": "2014-11-12"
    },
    "model": "qualifications.employeeposition",
    "pk": 6
},
{
    "fields": {
        "status": "R",
        "end_date": null,
        "comments": "Taking project leader position on ESKNU",
        "employee": 19,
        "position": 1,
        "start_date": null
    },
    "model": "qualifications.employeeposition",
    "pk": 7
},
{
    "fields": {
        "status": "A",
        "end_date": null,
        "comments": "Currently staffed, without possibility to take her out at the moment\r\n-----------------------------------------\r\n05.11.2014 : New information from Bruno Chambron : budget reduction on customer side, C\u00e9line is available from 2015, possibly before. C\u00e9line should meet Etienne again.\r\n-----------------------------------------\r\n15.12.2014 : C\u00e9line validated, start date on beginning February\r\n",
        "employee": 21,
        "position": 1,
        "start_date": "2015-02-02"
    },
    "model": "qualifications.employeeposition",
    "pk": 8
},
{
    "fields": {
        "status": "P",
        "end_date": "2015-01-16",
        "comments": "christl speaks French + English + German, which is a strong plus !",
        "employee": 22,
        "position": 6,
        "start_date": "2014-10-22"
    },
    "model": "qualifications.employeeposition",
    "pk": 9
},
{
    "fields": {
        "status": "C",
        "end_date": null,
        "comments": "Florian is on BOS Quality, but could do much more. DtC is an option, to be presented As Soon as Possible. There might be another option also on BOS, to be explained by Vincent Houitte\r\n-------------------\r\nFlorian stays on BOS until end 2014. Can be reevaluated later for 2015 if there are still needs\r\n-------------------\r\n15.12.2014 : Florian starting on January 5th.",
        "employee": 23,
        "position": 1,
        "start_date": "2015-01-05"
    },
    "model": "qualifications.employeeposition",
    "pk": 10
},
{
    "fields": {
        "status": "I",
        "end_date": null,
        "comments": "Could have the right profile",
        "employee": 24,
        "position": 1,
        "start_date": null
    },
    "model": "qualifications.employeeposition",
    "pk": 11
},
{
    "fields": {
        "status": "I",
        "end_date": null,
        "comments": "Could Marie fit there ?",
        "employee": 13,
        "position": 7,
        "start_date": null
    },
    "model": "qualifications.employeeposition",
    "pk": 12
},
{
    "fields": {
        "status": "I",
        "end_date": null,
        "comments": "Damien is willing to go back to Nantes / St Nazaire if there are opportunities",
        "employee": 26,
        "position": 7,
        "start_date": null
    },
    "model": "qualifications.employeeposition",
    "pk": 13
},
{
    "fields": {
        "status": "I",
        "end_date": null,
        "comments": "Could Olivier fit ?",
        "employee": 25,
        "position": 1,
        "start_date": null
    },
    "model": "qualifications.employeeposition",
    "pk": 14
},
{
    "fields": {
        "status": "I",
        "end_date": null,
        "comments": "Could Kevin fit ?",
        "employee": 27,
        "position": 1,
        "start_date": null
    },
    "model": "qualifications.employeeposition",
    "pk": 15
},
{
    "fields": {
        "status": "R",
        "end_date": null,
        "comments": "Florian would be interested, need to see how we could free him from his current project (could be difficult)\r\n--------------------------\r\n17.12.2014: Needs are currently more around Project Manager profiles, the technical side where Florian would be fit are not neded at the moment",
        "employee": 28,
        "position": 1,
        "start_date": null
    },
    "model": "qualifications.employeeposition",
    "pk": 16
},
{
    "fields": {
        "status": "R",
        "end_date": null,
        "comments": "Enough experience on CV5, Windchill ?\r\n-----------------------------------------------------\r\n05.11.2014 : Diane needed on various topics, availability not secured enough.",
        "employee": 29,
        "position": 8,
        "start_date": null
    },
    "model": "qualifications.employeeposition",
    "pk": 19
},
{
    "fields": {
        "status": "R",
        "end_date": null,
        "comments": "Enough experience on CV5, Windchill ?\r\n-----------------------------------------------------\r\n05.11.2014 : Waiting for Damien answer\r\n14.11.2014 : Damien OK, but need to discuss on mobility aspects\r\n19.11.2014 : Conf call with customer to present Damien\r\n21.11.2014 : Rejected as customer is looking more for a PDMLink 10 expert",
        "employee": 26,
        "position": 8,
        "start_date": null
    },
    "model": "qualifications.employeeposition",
    "pk": 20
},
{
    "fields": {
        "status": "R",
        "end_date": null,
        "comments": "Communication, Synthesis, Mobility ?\r\n--------------------------------------------------\r\n05.11.2014 : Not available",
        "employee": 30,
        "position": 8,
        "start_date": null
    },
    "model": "qualifications.employeeposition",
    "pk": 21
},
{
    "fields": {
        "status": "R",
        "end_date": null,
        "comments": "Can he be freed from project ? Mobility ?\r\n28.10.2014 : Matthieu can not be extracted from current project",
        "employee": 31,
        "position": 8,
        "start_date": null
    },
    "model": "qualifications.employeeposition",
    "pk": 22
},
{
    "fields": {
        "status": "I",
        "end_date": null,
        "comments": "Composite expert. Could be very difficult to extract from his current project due to his very specific skillset",
        "employee": 32,
        "position": 1,
        "start_date": null
    },
    "model": "qualifications.employeeposition",
    "pk": 23
},
{
    "fields": {
        "status": "R",
        "end_date": null,
        "comments": "Currently busy on NC Programming, and difficult to extract due to project context, but could be an idea for 2015\r\n---------------------------\r\n19.11.2014 : Can not be freed from current project",
        "employee": 33,
        "position": 1,
        "start_date": null
    },
    "model": "qualifications.employeeposition",
    "pk": 24
},
{
    "fields": {
        "status": "R",
        "end_date": null,
        "comments": "Brice's workload could decrease to 50% in November December 2014\r\n--------------------------------------\r\n28.10.2014 : Brice reconducted until end of the year at least (possibly until March) on CAD Harmo",
        "employee": 34,
        "position": 10,
        "start_date": null
    },
    "model": "qualifications.employeeposition",
    "pk": 25
},
{
    "fields": {
        "status": "S",
        "end_date": null,
        "comments": "Possibility to adapat current workload with Caroline Gouaze\r\n---------------\r\nR\u00e9mi Tavernier selected",
        "employee": 35,
        "position": 10,
        "start_date": null
    },
    "model": "qualifications.employeeposition",
    "pk": 26
},
{
    "fields": {
        "status": "R",
        "end_date": null,
        "comments": "Current workload could be adapted with Odile Olivier\r\n---------------------\r\nR\u00e9mi Tavernier selected",
        "employee": 36,
        "position": 10,
        "start_date": null
    },
    "model": "qualifications.employeeposition",
    "pk": 27
},
{
    "fields": {
        "status": "C",
        "end_date": "2015-02-27",
        "comments": "Diane is trained on VR, is available and mobile",
        "employee": 29,
        "position": 11,
        "start_date": "2015-01-26"
    },
    "model": "qualifications.employeeposition",
    "pk": 28
},
{
    "fields": {
        "status": "C",
        "end_date": "2014-12-31",
        "comments": "Guillaume is currently doing some 3d modelling",
        "employee": 30,
        "position": 12,
        "start_date": null
    },
    "model": "qualifications.employeeposition",
    "pk": 30
},
{
    "fields": {
        "status": "R",
        "end_date": null,
        "comments": "could Pierre fit ? No",
        "employee": 37,
        "position": 12,
        "start_date": null
    },
    "model": "qualifications.employeeposition",
    "pk": 31
},
{
    "fields": {
        "status": "R",
        "end_date": null,
        "comments": "Is R\u00e9mi mobile ?\r\nR\u00e9mi was more intereste by Trend Deployment opportunity",
        "employee": 38,
        "position": 8,
        "start_date": null
    },
    "model": "qualifications.employeeposition",
    "pk": 32
},
{
    "fields": {
        "status": "C",
        "end_date": "2014-12-19",
        "comments": "Not very technical, not sure it will fit for R\u00e9mi",
        "employee": 38,
        "position": 10,
        "start_date": "2014-11-12"
    },
    "model": "qualifications.employeeposition",
    "pk": 33
},
{
    "fields": {
        "status": "R",
        "end_date": null,
        "comments": "Experience in Design Office ?\r\n----------------------------------------\r\n05.11.2014 : Not enough technical, too Quality Oriented",
        "employee": 13,
        "position": 8,
        "start_date": null
    },
    "model": "qualifications.employeeposition",
    "pk": 34
},
{
    "fields": {
        "status": "R",
        "end_date": null,
        "comments": "To check with availability and mobility\r\n--------------------------------------------------\r\n05.11.2014 : Not available (project + holidays)",
        "employee": 15,
        "position": 8,
        "start_date": null
    },
    "model": "qualifications.employeeposition",
    "pk": 35
},
{
    "fields": {
        "status": "R",
        "end_date": null,
        "comments": "Need a full time from mid november to end december 2014, which is not realistic for Alex",
        "employee": 44,
        "position": 10,
        "start_date": null
    },
    "model": "qualifications.employeeposition",
    "pk": 36
},
{
    "fields": {
        "status": "C",
        "end_date": null,
        "comments": "But Florian could do something else more technical, like DtC",
        "employee": 23,
        "position": 13,
        "start_date": null
    },
    "model": "qualifications.employeeposition",
    "pk": 37
},
{
    "fields": {
        "status": "R",
        "end_date": null,
        "comments": "Dominique could replace Florian Bergeron if he goes on DtC\r\n--------------------------\r\n12.11.2014 : Florian stays on BOS, no need to replace him at the moment",
        "employee": 39,
        "position": 13,
        "start_date": null
    },
    "model": "qualifications.employeeposition",
    "pk": 38
},
{
    "fields": {
        "status": "S",
        "end_date": null,
        "comments": "J\u00e9r\u00f4me probably oversized, but could work as a temporary occupation",
        "employee": 15,
        "position": 14,
        "start_date": null
    },
    "model": "qualifications.employeeposition",
    "pk": 40
},
{
    "fields": {
        "status": "R",
        "end_date": null,
        "comments": "Workload changed",
        "employee": 29,
        "position": 14,
        "start_date": null
    },
    "model": "qualifications.employeeposition",
    "pk": 41
},
{
    "fields": {
        "status": "R",
        "end_date": null,
        "comments": "Avialability of J\u00e9r\u00f4me not secured enough until end 2014.",
        "employee": 15,
        "position": 10,
        "start_date": null
    },
    "model": "qualifications.employeeposition",
    "pk": 42
},
{
    "fields": {
        "status": "C",
        "end_date": "2014-12-31",
        "comments": "Proposed by EM\r\n-------------\r\n7.11.2014 : But neeed to find someone else in longer term",
        "employee": 47,
        "position": 9,
        "start_date": "2014-11-13"
    },
    "model": "qualifications.employeeposition",
    "pk": 43
},
{
    "fields": {
        "status": "I",
        "end_date": null,
        "comments": "Maybe in a more longer term, but cannot be taken out of his current mission at the moment",
        "employee": 228,
        "position": 1,
        "start_date": null
    },
    "model": "qualifications.employeeposition",
    "pk": 45
},
{
    "fields": {
        "status": "R",
        "end_date": null,
        "comments": "07.11.2014 : Pierre has a DESS on VR.\r\n-------------------------------\r\nDiane selected",
        "employee": 37,
        "position": 11,
        "start_date": null
    },
    "model": "qualifications.employeeposition",
    "pk": 46
},
{
    "fields": {
        "status": "R",
        "end_date": null,
        "comments": "Sammy is not available as he is occupied with the BOS activities",
        "employee": 138,
        "position": 15,
        "start_date": null
    },
    "model": "qualifications.employeeposition",
    "pk": 47
},
{
    "fields": {
        "status": "A",
        "end_date": null,
        "comments": "Preferred solution for BM",
        "employee": 48,
        "position": 7,
        "start_date": null
    },
    "model": "qualifications.employeeposition",
    "pk": 48
},
{
    "fields": {
        "status": "R",
        "end_date": null,
        "comments": "Available after full3D",
        "employee": 71,
        "position": 15,
        "start_date": null
    },
    "model": "qualifications.employeeposition",
    "pk": 49
},
{
    "fields": {
        "status": "R",
        "end_date": null,
        "comments": "Available after Full3d",
        "employee": 243,
        "position": 15,
        "start_date": null
    },
    "model": "qualifications.employeeposition",
    "pk": 50
},
{
    "fields": {
        "status": "R",
        "end_date": null,
        "comments": "Olivier has some relevant experience back on kringing project\r\n------------------------------------------------\r\n23.11.2014 : Luan's team in charge",
        "employee": 226,
        "position": 16,
        "start_date": null
    },
    "model": "qualifications.employeeposition",
    "pk": 51
},
{
    "fields": {
        "status": "R",
        "end_date": null,
        "comments": "Fabrice could fit, but might not be available right now.\r\n-----------------------------------------------\r\n23.11.2014 : Luan's team in charge",
        "employee": 176,
        "position": 16,
        "start_date": null
    },
    "model": "qualifications.employeeposition",
    "pk": 52
},
{
    "fields": {
        "status": "R",
        "end_date": null,
        "comments": "Could Mathieu fit ?\r\n-------------------------\r\nRejected by Head of BM",
        "employee": 231,
        "position": 1,
        "start_date": null
    },
    "model": "qualifications.employeeposition",
    "pk": 53
},
{
    "fields": {
        "status": "C",
        "end_date": null,
        "comments": "19.11.2014: Andreas is only available 50% until end 2014\r\n------------------------------------------------\r\n02.12.2014: Andreas validated with start date on Jan 5th.",
        "employee": 241,
        "position": 15,
        "start_date": "2015-01-05"
    },
    "model": "qualifications.employeeposition",
    "pk": 54
},
{
    "fields": {
        "status": "A",
        "end_date": null,
        "comments": "Could Maik fit ?\r\n----------------------------\r\n03.12.2014: Maik is a good candidate, but Andreas Standfest was the best fit",
        "employee": 111,
        "position": 15,
        "start_date": null
    },
    "model": "qualifications.employeeposition",
    "pk": 55
},
{
    "fields": {
        "status": "R",
        "end_date": null,
        "comments": "18.11.2014 Eric and Etienne to meet Sebastien to reconfirm that Sebastian could join DtC project\r\n-----------------------------\r\n15.12.2014 : Activity stopping, no need to propose Sebastian anymore",
        "employee": 82,
        "position": 4,
        "start_date": null
    },
    "model": "qualifications.employeeposition",
    "pk": 56
},
{
    "fields": {
        "status": "R",
        "end_date": null,
        "comments": "Helmut has the right basic skills, but has constraints concerning mobility and travels",
        "employee": 183,
        "position": 4,
        "start_date": null
    },
    "model": "qualifications.employeeposition",
    "pk": 57
},
{
    "fields": {
        "status": "R",
        "end_date": null,
        "comments": "18.11.2014 Meik would be suitable for DtC and DMU reviews A350. Meik is also very flexible concerning mobility and travels. Next steps: Eric and Etienne / Olivier to meet Meik in order to check whether he could join DtC project\r\n------------------------------------------\r\n15.12.2014 : Activity stopping, no need to propose Maik anymore",
        "employee": 111,
        "position": 4,
        "start_date": null
    },
    "model": "qualifications.employeeposition",
    "pk": 58
},
{
    "fields": {
        "status": "R",
        "end_date": null,
        "comments": "18.11.2014 Not suitable for DtC activities",
        "employee": 243,
        "position": 4,
        "start_date": null
    },
    "model": "qualifications.employeeposition",
    "pk": 59
},
{
    "fields": {
        "status": "A",
        "end_date": null,
        "comments": "18.11.2014 Suitable for DMU reviews A350 and product structure. Next steps: Eric and Etienne to meet Torsten to check whether he would fit to the role DMU Expert\r\n",
        "employee": 71,
        "position": 4,
        "start_date": null
    },
    "model": "qualifications.employeeposition",
    "pk": 60
},
{
    "fields": {
        "status": "R",
        "end_date": null,
        "comments": "Guillaume has the knowledge, would he be OK to go back there ?\r\n---------------------------\r\nNot such a good idea to put Guillaume back there",
        "employee": 30,
        "position": 17,
        "start_date": null
    },
    "model": "qualifications.employeeposition",
    "pk": 61
},
{
    "fields": {
        "status": "R",
        "end_date": null,
        "comments": "Check if dates could fit with Raquel replacement\r\n04.12.2014 : Rocio will continue on BOS from Madrid",
        "employee": 205,
        "position": 18,
        "start_date": null
    },
    "model": "qualifications.employeeposition",
    "pk": 62
},
{
    "fields": {
        "status": "R",
        "end_date": null,
        "comments": "R\u00e9mi available from beginning January ?\r\n-----------------------------------\r\nR\u00e9mi more appropriate on EPF, validated there",
        "employee": 38,
        "position": 19,
        "start_date": null
    },
    "model": "qualifications.employeeposition",
    "pk": 63
},
{
    "fields": {
        "status": "A",
        "end_date": null,
        "comments": "Interview planned",
        "employee": 71,
        "position": 20,
        "start_date": null
    },
    "model": "qualifications.employeeposition",
    "pk": 64
},
{
    "fields": {
        "status": "R",
        "end_date": null,
        "comments": "Interview planned",
        "employee": 111,
        "position": 20,
        "start_date": null
    },
    "model": "qualifications.employeeposition",
    "pk": 65
},
{
    "fields": {
        "status": "R",
        "end_date": null,
        "comments": "Interview planned",
        "employee": 243,
        "position": 20,
        "start_date": null
    },
    "model": "qualifications.employeeposition",
    "pk": 66
},
{
    "fields": {
        "status": "C",
        "end_date": null,
        "comments": "Florian started the activity, creating some scripts to automate several things",
        "employee": 28,
        "position": 21,
        "start_date": "2014-07-01"
    },
    "model": "qualifications.employeeposition",
    "pk": 67
},
{
    "fields": {
        "status": "I",
        "end_date": null,
        "comments": "Denis might be a bit light on macros skills",
        "employee": 206,
        "position": 21,
        "start_date": null
    },
    "model": "qualifications.employeeposition",
    "pk": 68
},
{
    "fields": {
        "status": "I",
        "end_date": null,
        "comments": "Adrien would be a great fit, but unclear how we could free him",
        "employee": 166,
        "position": 21,
        "start_date": null
    },
    "model": "qualifications.employeeposition",
    "pk": 69
},
{
    "fields": {
        "status": "I",
        "end_date": null,
        "comments": "Kevin could maybe fit",
        "employee": 246,
        "position": 21,
        "start_date": null
    },
    "model": "qualifications.employeeposition",
    "pk": 70
},
{
    "fields": {
        "status": "I",
        "end_date": null,
        "comments": "Could Didier fit ?",
        "employee": 130,
        "position": 1,
        "start_date": null
    },
    "model": "qualifications.employeeposition",
    "pk": 71
},
{
    "fields": {
        "status": "A",
        "end_date": null,
        "comments": "Diane taking over after J\u00e9r\u00f4me",
        "employee": 29,
        "position": 17,
        "start_date": "2015-03-30"
    },
    "model": "qualifications.employeeposition",
    "pk": 73
},
{
    "fields": {
        "status": "C",
        "end_date": "2015-03-27",
        "comments": "Elise acting before going on Maternity leaves",
        "employee": 100,
        "position": 19,
        "start_date": "2015-01-05"
    },
    "model": "qualifications.employeeposition",
    "pk": 74
},
{
    "fields": {
        "status": "C",
        "end_date": "2015-01-30",
        "comments": "During his IC, but better position to be found",
        "employee": 130,
        "position": 14,
        "start_date": "2015-01-12"
    },
    "model": "qualifications.employeeposition",
    "pk": 75
},
{
    "fields": {
        "status": "C",
        "end_date": null,
        "comments": "R\u00e9mi staffed as EPF",
        "employee": 38,
        "position": 22,
        "start_date": "2015-01-05"
    },
    "model": "qualifications.employeeposition",
    "pk": 76
},
{
    "fields": {
        "status": "C",
        "end_date": null,
        "comments": "Dominique staffed as EPF",
        "employee": 39,
        "position": 22,
        "start_date": "2015-01-05"
    },
    "model": "qualifications.employeeposition",
    "pk": 77
},
{
    "fields": {
        "status": "C",
        "end_date": null,
        "comments": "Sylvie staffed as EPF",
        "employee": 123,
        "position": 22,
        "start_date": "2015-01-05"
    },
    "model": "qualifications.employeeposition",
    "pk": 78
},
{
    "fields": {
        "status": "C",
        "end_date": null,
        "comments": "Sylvie needs to be replaced",
        "employee": 72,
        "position": 23,
        "start_date": null
    },
    "model": "qualifications.employeeposition",
    "pk": 79
},
{
    "fields": {
        "status": "I",
        "end_date": null,
        "comments": "Adrien is willing to move to another country. He has a good expertise in CAD/DMU, but not LCA. He is also pretty good at scripting (Python, PHP).",
        "employee": 166,
        "position": 25,
        "start_date": null
    },
    "model": "qualifications.employeeposition",
    "pk": 80
},
{
    "fields": {
        "status": "C",
        "end_date": null,
        "comments": "Thorsten is available",
        "employee": 71,
        "position": 27,
        "start_date": "2015-01-16"
    },
    "model": "qualifications.employeeposition",
    "pk": 82
},
{
    "fields": {
        "codename": "add_permission",
        "name": "Can add permission",
        "content_type": 1
    },
    "model": "auth.permission",
    "pk": 1
},
{
    "fields": {
        "codename": "change_permission",
        "name": "Can change permission",
        "content_type": 1
    },
    "model": "auth.permission",
    "pk": 2
},
{
    "fields": {
        "codename": "delete_permission",
        "name": "Can delete permission",
        "content_type": 1
    },
    "model": "auth.permission",
    "pk": 3
},
{
    "fields": {
        "codename": "add_group",
        "name": "Can add group",
        "content_type": 2
    },
    "model": "auth.permission",
    "pk": 4
},
{
    "fields": {
        "codename": "change_group",
        "name": "Can change group",
        "content_type": 2
    },
    "model": "auth.permission",
    "pk": 5
},
{
    "fields": {
        "codename": "delete_group",
        "name": "Can delete group",
        "content_type": 2
    },
    "model": "auth.permission",
    "pk": 6
},
{
    "fields": {
        "codename": "add_user",
        "name": "Can add user",
        "content_type": 3
    },
    "model": "auth.permission",
    "pk": 7
},
{
    "fields": {
        "codename": "change_user",
        "name": "Can change user",
        "content_type": 3
    },
    "model": "auth.permission",
    "pk": 8
},
{
    "fields": {
        "codename": "delete_user",
        "name": "Can delete user",
        "content_type": 3
    },
    "model": "auth.permission",
    "pk": 9
},
{
    "fields": {
        "codename": "add_contenttype",
        "name": "Can add content type",
        "content_type": 4
    },
    "model": "auth.permission",
    "pk": 10
},
{
    "fields": {
        "codename": "change_contenttype",
        "name": "Can change content type",
        "content_type": 4
    },
    "model": "auth.permission",
    "pk": 11
},
{
    "fields": {
        "codename": "delete_contenttype",
        "name": "Can delete content type",
        "content_type": 4
    },
    "model": "auth.permission",
    "pk": 12
},
{
    "fields": {
        "codename": "add_session",
        "name": "Can add session",
        "content_type": 5
    },
    "model": "auth.permission",
    "pk": 13
},
{
    "fields": {
        "codename": "change_session",
        "name": "Can change session",
        "content_type": 5
    },
    "model": "auth.permission",
    "pk": 14
},
{
    "fields": {
        "codename": "delete_session",
        "name": "Can delete session",
        "content_type": 5
    },
    "model": "auth.permission",
    "pk": 15
},
{
    "fields": {
        "codename": "add_site",
        "name": "Can add site",
        "content_type": 6
    },
    "model": "auth.permission",
    "pk": 16
},
{
    "fields": {
        "codename": "change_site",
        "name": "Can change site",
        "content_type": 6
    },
    "model": "auth.permission",
    "pk": 17
},
{
    "fields": {
        "codename": "delete_site",
        "name": "Can delete site",
        "content_type": 6
    },
    "model": "auth.permission",
    "pk": 18
},
{
    "fields": {
        "codename": "add_logentry",
        "name": "Can add log entry",
        "content_type": 7
    },
    "model": "auth.permission",
    "pk": 19
},
{
    "fields": {
        "codename": "change_logentry",
        "name": "Can change log entry",
        "content_type": 7
    },
    "model": "auth.permission",
    "pk": 20
},
{
    "fields": {
        "codename": "delete_logentry",
        "name": "Can delete log entry",
        "content_type": 7
    },
    "model": "auth.permission",
    "pk": 21
},
{
    "fields": {
        "codename": "add_revision",
        "name": "Can add revision",
        "content_type": 8
    },
    "model": "auth.permission",
    "pk": 22
},
{
    "fields": {
        "codename": "change_revision",
        "name": "Can change revision",
        "content_type": 8
    },
    "model": "auth.permission",
    "pk": 23
},
{
    "fields": {
        "codename": "delete_revision",
        "name": "Can delete revision",
        "content_type": 8
    },
    "model": "auth.permission",
    "pk": 24
},
{
    "fields": {
        "codename": "add_version",
        "name": "Can add version",
        "content_type": 9
    },
    "model": "auth.permission",
    "pk": 25
},
{
    "fields": {
        "codename": "change_version",
        "name": "Can change version",
        "content_type": 9
    },
    "model": "auth.permission",
    "pk": 26
},
{
    "fields": {
        "codename": "delete_version",
        "name": "Can delete version",
        "content_type": 9
    },
    "model": "auth.permission",
    "pk": 27
},
{
    "fields": {
        "codename": "add_employee",
        "name": "Can add employee",
        "content_type": 10
    },
    "model": "auth.permission",
    "pk": 28
},
{
    "fields": {
        "codename": "change_employee",
        "name": "Can change employee",
        "content_type": 10
    },
    "model": "auth.permission",
    "pk": 29
},
{
    "fields": {
        "codename": "delete_employee",
        "name": "Can delete employee",
        "content_type": 10
    },
    "model": "auth.permission",
    "pk": 30
},
{
    "fields": {
        "codename": "add_project",
        "name": "Can add project",
        "content_type": 11
    },
    "model": "auth.permission",
    "pk": 31
},
{
    "fields": {
        "codename": "change_project",
        "name": "Can change project",
        "content_type": 11
    },
    "model": "auth.permission",
    "pk": 32
},
{
    "fields": {
        "codename": "delete_project",
        "name": "Can delete project",
        "content_type": 11
    },
    "model": "auth.permission",
    "pk": 33
},
{
    "fields": {
        "codename": "add_deliverable",
        "name": "Can add deliverable",
        "content_type": 12
    },
    "model": "auth.permission",
    "pk": 34
},
{
    "fields": {
        "codename": "change_deliverable",
        "name": "Can change deliverable",
        "content_type": 12
    },
    "model": "auth.permission",
    "pk": 35
},
{
    "fields": {
        "codename": "delete_deliverable",
        "name": "Can delete deliverable",
        "content_type": 12
    },
    "model": "auth.permission",
    "pk": 36
},
{
    "fields": {
        "codename": "add_deliverablevolume",
        "name": "Can add deliverable volume",
        "content_type": 13
    },
    "model": "auth.permission",
    "pk": 37
},
{
    "fields": {
        "codename": "change_deliverablevolume",
        "name": "Can change deliverable volume",
        "content_type": 13
    },
    "model": "auth.permission",
    "pk": 38
},
{
    "fields": {
        "codename": "delete_deliverablevolume",
        "name": "Can delete deliverable volume",
        "content_type": 13
    },
    "model": "auth.permission",
    "pk": 39
},
{
    "fields": {
        "codename": "add_domain",
        "name": "Can add domain",
        "content_type": 14
    },
    "model": "auth.permission",
    "pk": 40
},
{
    "fields": {
        "codename": "change_domain",
        "name": "Can change domain",
        "content_type": 14
    },
    "model": "auth.permission",
    "pk": 41
},
{
    "fields": {
        "codename": "delete_domain",
        "name": "Can delete domain",
        "content_type": 14
    },
    "model": "auth.permission",
    "pk": 42
},
{
    "fields": {
        "codename": "add_servicefamily",
        "name": "Can add service family",
        "content_type": 15
    },
    "model": "auth.permission",
    "pk": 43
},
{
    "fields": {
        "codename": "change_servicefamily",
        "name": "Can change service family",
        "content_type": 15
    },
    "model": "auth.permission",
    "pk": 44
},
{
    "fields": {
        "codename": "delete_servicefamily",
        "name": "Can delete service family",
        "content_type": 15
    },
    "model": "auth.permission",
    "pk": 45
},
{
    "fields": {
        "codename": "add_service",
        "name": "Can add service",
        "content_type": 16
    },
    "model": "auth.permission",
    "pk": 46
},
{
    "fields": {
        "codename": "change_service",
        "name": "Can change service",
        "content_type": 16
    },
    "model": "auth.permission",
    "pk": 47
},
{
    "fields": {
        "codename": "delete_service",
        "name": "Can delete service",
        "content_type": 16
    },
    "model": "auth.permission",
    "pk": 48
},
{
    "fields": {
        "codename": "add_skillcategory",
        "name": "Can add skill category",
        "content_type": 17
    },
    "model": "auth.permission",
    "pk": 49
},
{
    "fields": {
        "codename": "change_skillcategory",
        "name": "Can change skill category",
        "content_type": 17
    },
    "model": "auth.permission",
    "pk": 50
},
{
    "fields": {
        "codename": "delete_skillcategory",
        "name": "Can delete skill category",
        "content_type": 17
    },
    "model": "auth.permission",
    "pk": 51
},
{
    "fields": {
        "codename": "add_skill",
        "name": "Can add skill",
        "content_type": 18
    },
    "model": "auth.permission",
    "pk": 52
},
{
    "fields": {
        "codename": "change_skill",
        "name": "Can change skill",
        "content_type": 18
    },
    "model": "auth.permission",
    "pk": 53
},
{
    "fields": {
        "codename": "delete_skill",
        "name": "Can delete skill",
        "content_type": 18
    },
    "model": "auth.permission",
    "pk": 54
},
{
    "fields": {
        "codename": "add_job",
        "name": "Can add job",
        "content_type": 19
    },
    "model": "auth.permission",
    "pk": 55
},
{
    "fields": {
        "codename": "change_job",
        "name": "Can change job",
        "content_type": 19
    },
    "model": "auth.permission",
    "pk": 56
},
{
    "fields": {
        "codename": "delete_job",
        "name": "Can delete job",
        "content_type": 19
    },
    "model": "auth.permission",
    "pk": 57
},
{
    "fields": {
        "codename": "add_profile",
        "name": "Can add profile",
        "content_type": 20
    },
    "model": "auth.permission",
    "pk": 58
},
{
    "fields": {
        "codename": "change_profile",
        "name": "Can change profile",
        "content_type": 20
    },
    "model": "auth.permission",
    "pk": 59
},
{
    "fields": {
        "codename": "delete_profile",
        "name": "Can delete profile",
        "content_type": 20
    },
    "model": "auth.permission",
    "pk": 60
},
{
    "fields": {
        "codename": "add_employeeskill",
        "name": "Can add employee skill",
        "content_type": 21
    },
    "model": "auth.permission",
    "pk": 61
},
{
    "fields": {
        "codename": "change_employeeskill",
        "name": "Can change employee skill",
        "content_type": 21
    },
    "model": "auth.permission",
    "pk": 62
},
{
    "fields": {
        "codename": "delete_employeeskill",
        "name": "Can delete employee skill",
        "content_type": 21
    },
    "model": "auth.permission",
    "pk": 63
},
{
    "fields": {
        "codename": "add_jobprofileskill",
        "name": "Can add job profile skill",
        "content_type": 22
    },
    "model": "auth.permission",
    "pk": 64
},
{
    "fields": {
        "codename": "change_jobprofileskill",
        "name": "Can change job profile skill",
        "content_type": 22
    },
    "model": "auth.permission",
    "pk": 65
},
{
    "fields": {
        "codename": "delete_jobprofileskill",
        "name": "Can delete job profile skill",
        "content_type": 22
    },
    "model": "auth.permission",
    "pk": 66
},
{
    "fields": {
        "codename": "add_userobjectpermission",
        "name": "Can add user object permission",
        "content_type": 24
    },
    "model": "auth.permission",
    "pk": 70
},
{
    "fields": {
        "codename": "change_userobjectpermission",
        "name": "Can change user object permission",
        "content_type": 24
    },
    "model": "auth.permission",
    "pk": 71
},
{
    "fields": {
        "codename": "delete_userobjectpermission",
        "name": "Can delete user object permission",
        "content_type": 24
    },
    "model": "auth.permission",
    "pk": 72
},
{
    "fields": {
        "codename": "add_groupobjectpermission",
        "name": "Can add group object permission",
        "content_type": 25
    },
    "model": "auth.permission",
    "pk": 73
},
{
    "fields": {
        "codename": "change_groupobjectpermission",
        "name": "Can change group object permission",
        "content_type": 25
    },
    "model": "auth.permission",
    "pk": 74
},
{
    "fields": {
        "codename": "delete_groupobjectpermission",
        "name": "Can delete group object permission",
        "content_type": 25
    },
    "model": "auth.permission",
    "pk": 75
},
{
    "fields": {
        "codename": "add_position",
        "name": "Can add position",
        "content_type": 26
    },
    "model": "auth.permission",
    "pk": 76
},
{
    "fields": {
        "codename": "change_position",
        "name": "Can change position",
        "content_type": 26
    },
    "model": "auth.permission",
    "pk": 77
},
{
    "fields": {
        "codename": "delete_position",
        "name": "Can delete position",
        "content_type": 26
    },
    "model": "auth.permission",
    "pk": 78
},
{
    "fields": {
        "codename": "add_employeeposition",
        "name": "Can add employee position",
        "content_type": 27
    },
    "model": "auth.permission",
    "pk": 79
},
{
    "fields": {
        "codename": "change_employeeposition",
        "name": "Can change employee position",
        "content_type": 27
    },
    "model": "auth.permission",
    "pk": 80
},
{
    "fields": {
        "codename": "delete_employeeposition",
        "name": "Can delete employee position",
        "content_type": 27
    },
    "model": "auth.permission",
    "pk": 81
},
{
    "fields": {
        "codename": "add_report",
        "name": "Can add report",
        "content_type": 28
    },
    "model": "auth.permission",
    "pk": 82
},
{
    "fields": {
        "codename": "change_report",
        "name": "Can change report",
        "content_type": 28
    },
    "model": "auth.permission",
    "pk": 83
},
{
    "fields": {
        "codename": "delete_report",
        "name": "Can delete report",
        "content_type": 28
    },
    "model": "auth.permission",
    "pk": 84
},
{
    "fields": {
        "codename": "add_location",
        "name": "Can add location",
        "content_type": 29
    },
    "model": "auth.permission",
    "pk": 85
},
{
    "fields": {
        "codename": "change_location",
        "name": "Can change location",
        "content_type": 29
    },
    "model": "auth.permission",
    "pk": 86
},
{
    "fields": {
        "codename": "delete_location",
        "name": "Can delete location",
        "content_type": 29
    },
    "model": "auth.permission",
    "pk": 87
},
{
    "fields": {
        "codename": "add_employeepositionstatus",
        "name": "Can add employee position status",
        "content_type": 30
    },
    "model": "auth.permission",
    "pk": 88
},
{
    "fields": {
        "codename": "change_employeepositionstatus",
        "name": "Can change employee position status",
        "content_type": 30
    },
    "model": "auth.permission",
    "pk": 89
},
{
    "fields": {
        "codename": "delete_employeepositionstatus",
        "name": "Can delete employee position status",
        "content_type": 30
    },
    "model": "auth.permission",
    "pk": 90
},
{
    "fields": {
        "codename": "add_positionstatus",
        "name": "Can add position status",
        "content_type": 31
    },
    "model": "auth.permission",
    "pk": 91
},
{
    "fields": {
        "codename": "change_positionstatus",
        "name": "Can change position status",
        "content_type": 31
    },
    "model": "auth.permission",
    "pk": 92
},
{
    "fields": {
        "codename": "delete_positionstatus",
        "name": "Can delete position status",
        "content_type": 31
    },
    "model": "auth.permission",
    "pk": 93
},
{
    "fields": {
        "codename": "add_comment",
        "name": "Can add comment",
        "content_type": 32
    },
    "model": "auth.permission",
    "pk": 94
},
{
    "fields": {
        "codename": "change_comment",
        "name": "Can change comment",
        "content_type": 32
    },
    "model": "auth.permission",
    "pk": 95
},
{
    "fields": {
        "codename": "delete_comment",
        "name": "Can delete comment",
        "content_type": 32
    },
    "model": "auth.permission",
    "pk": 96
},
{
    "fields": {
        "codename": "can_moderate",
        "name": "Can moderate comments",
        "content_type": 32
    },
    "model": "auth.permission",
    "pk": 97
},
{
    "fields": {
        "codename": "add_commentflag",
        "name": "Can add comment flag",
        "content_type": 33
    },
    "model": "auth.permission",
    "pk": 98
},
{
    "fields": {
        "codename": "change_commentflag",
        "name": "Can change comment flag",
        "content_type": 33
    },
    "model": "auth.permission",
    "pk": 99
},
{
    "fields": {
        "codename": "delete_commentflag",
        "name": "Can delete comment flag",
        "content_type": 33
    },
    "model": "auth.permission",
    "pk": 100
},
{
    "fields": {
        "name": "Project Editors",
        "permissions": [
            34,
            35,
            36,
            37,
            38,
            39,
            31,
            32,
            33
        ]
    },
    "model": "auth.group",
    "pk": 1
},
{
    "fields": {
        "name": "Service Catalog Editors",
        "permissions": [
            40,
            41,
            42,
            46,
            47,
            48,
            43,
            44,
            45
        ]
    },
    "model": "auth.group",
    "pk": 2
},
{
    "fields": {
        "username": "AnonymousUser",
        "first_name": "",
        "last_name": "",
        "is_active": true,
        "is_superuser": false,
        "is_staff": false,
        "last_login": "2014-01-17T13:38:53",
        "groups": [],
        "user_permissions": [],
        "password": "",
        "email": "",
        "date_joined": "2014-01-17T13:38:53"
    },
    "model": "auth.user",
    "pk": -1
},
{
    "fields": {
        "username": "st01447",
        "first_name": "Guillaume",
        "last_name": "DE BURE",
        "is_active": true,
        "is_superuser": true,
        "is_staff": true,
        "last_login": "2015-01-13T17:00:16",
        "groups": [],
        "user_permissions": [],
        "password": "pbkdf2_sha256$12000$BRbrChzOP8Mh$3QpLlLWslwWO9YhgYylzbwc3S65bEmMZF3Je59MIEJQ=",
        "email": "guillaume.debure@airbus.com",
        "date_joined": "2014-01-17T13:38:53"
    },
    "model": "auth.user",
    "pk": 1
},
{
    "fields": {
        "username": "NG0C9AC",
        "first_name": "Florian",
        "last_name": "BROTZKI",
        "is_active": true,
        "is_superuser": false,
        "is_staff": false,
        "last_login": "2014-01-24T09:37:47",
        "groups": [],
        "user_permissions": [],
        "password": "pbkdf2_sha256$12000$5gFkuloUOu3f$VIiHrED9u6bsSrnfkEdAsZQ58EfFYKy2vDsw2dGeLL4=",
        "email": "florian.brotzki@airbus.com",
        "date_joined": "2014-01-20T15:34:21"
    },
    "model": "auth.user",
    "pk": 2
},
{
    "fields": {
        "username": "ST00243",
        "first_name": "Laurent",
        "last_name": "TOMAS",
        "is_active": true,
        "is_superuser": false,
        "is_staff": false,
        "last_login": "2014-07-04T11:17:10",
        "groups": [
            1
        ],
        "user_permissions": [],
        "password": "pbkdf2_sha256$12000$6MU2ghlEfLVK$EbUHt9/MoJ/+bJdwr2ueeNqUJZJ+FW7BGoa+Ns8Gnos=",
        "email": "laurent.tomas@airbus.com",
        "date_joined": "2014-01-20T15:56:41"
    },
    "model": "auth.user",
    "pk": 3
},
{
    "fields": {
        "username": "THC1XE",
        "first_name": "Christoph",
        "last_name": "HAUSEN",
        "is_active": true,
        "is_superuser": false,
        "is_staff": false,
        "last_login": "2014-12-04T11:58:57",
        "groups": [
            1
        ],
        "user_permissions": [],
        "password": "pbkdf2_sha256$12000$VNqw7O9pWGOQ$E1+n7q+GrNIVk5iYU0ddPidJTDzgnmoReO7PPyzRR70=",
        "email": "christoph.hausen@airbus.com",
        "date_joined": "2014-01-20T15:58:01"
    },
    "model": "auth.user",
    "pk": 4
},
{
    "fields": {
        "username": "ST05006",
        "first_name": "Guilhem",
        "last_name": "PONS",
        "is_active": true,
        "is_superuser": false,
        "is_staff": false,
        "last_login": "2014-01-20T15:59:07",
        "groups": [
            1
        ],
        "user_permissions": [],
        "password": "pbkdf2_sha256$12000$vHUxTJ10MyD6$40lgVikHgVvuxYL0fCjvrYjjCqXReekHOzPH0J/gbDE=",
        "email": "guilhem.pons@airbus.com",
        "date_joined": "2014-01-20T15:59:07"
    },
    "model": "auth.user",
    "pk": 5
},
{
    "fields": {
        "username": "THA1RR",
        "first_name": "Rafael",
        "last_name": "REICHLE",
        "is_active": true,
        "is_superuser": false,
        "is_staff": false,
        "last_login": "2014-07-04T15:57:20",
        "groups": [
            1
        ],
        "user_permissions": [],
        "password": "pbkdf2_sha256$12000$QZCJtPTZ1G9S$12ar30cibydlmVWc+AEznncN++pylOXEfMct3lYxcFo=",
        "email": "rafael.reichle@airbus.com",
        "date_joined": "2014-01-20T16:00:19"
    },
    "model": "auth.user",
    "pk": 6
},
{
    "fields": {
        "username": "ST22081",
        "first_name": "Christophe",
        "last_name": "ROUILLE",
        "is_active": true,
        "is_superuser": false,
        "is_staff": false,
        "last_login": "2015-01-13T16:59:08",
        "groups": [
            2
        ],
        "user_permissions": [],
        "password": "pbkdf2_sha256$12000$idT2bsJBeJF0$yWxbdhFP2w/oduFPqEuajknJzAUauBLxki3Rns1TIvI=",
        "email": "christophe.rouille@airbus.com",
        "date_joined": "2014-01-20T16:10:23"
    },
    "model": "auth.user",
    "pk": 7
},
{
    "fields": {
        "username": "ST02649",
        "first_name": "Matthieu",
        "last_name": "TACHOIRES",
        "is_active": true,
        "is_superuser": false,
        "is_staff": false,
        "last_login": "2014-07-29T13:42:07",
        "groups": [
            1
        ],
        "user_permissions": [],
        "password": "pbkdf2_sha256$12000$Ui7L0w9eaCV2$+10vLQ2VFWeN+G5jYix6MAZxOwsnTSWv6UVJNhNFLWg=",
        "email": "matthieu.tachoires@airbus.com",
        "date_joined": "2014-01-28T10:42:58"
    },
    "model": "auth.user",
    "pk": 8
},
{
    "fields": {
        "username": "TH62OB",
        "first_name": "B\u00fclent",
        "last_name": "OEZCETIN",
        "is_active": true,
        "is_superuser": false,
        "is_staff": false,
        "last_login": "2014-07-02T14:38:46",
        "groups": [
            1
        ],
        "user_permissions": [],
        "password": "pbkdf2_sha256$12000$Afm4fXsJe3YS$qRLtxLShPbJLjZvuYBP35aKJc97KdkWj1i8xsv/nW3U=",
        "email": "BUELENT.OEZCETIN@airbus.com",
        "date_joined": "2014-07-02T14:38:46"
    },
    "model": "auth.user",
    "pk": 9
},
{
    "fields": {
        "username": "ST94535",
        "first_name": "Alan",
        "last_name": "BARRE",
        "is_active": true,
        "is_superuser": false,
        "is_staff": false,
        "last_login": "2014-07-09T11:10:08",
        "groups": [
            1
        ],
        "user_permissions": [],
        "password": "pbkdf2_sha256$12000$I5IHJWmABYq4$wfLLhNFiNIbZr4/f528O24w6WpRaCJvsX9Cp3C8SdmI=",
        "email": "ALAN.BARRE@airbus.com",
        "date_joined": "2014-07-04T11:28:04"
    },
    "model": "auth.user",
    "pk": 10
},
{
    "fields": {
        "username": "ST22040",
        "first_name": "Bruno",
        "last_name": "CHAMBRON",
        "is_active": true,
        "is_superuser": false,
        "is_staff": false,
        "last_login": "2014-09-08T17:49:28",
        "groups": [
            1,
            2
        ],
        "user_permissions": [],
        "password": "pbkdf2_sha256$12000$XDgHKZnvtHAt$mWfGK3Tw1z+2KDEdy8l+8KnxJ5dZHqK9IURa/L2dky8=",
        "email": "bruno.chambron@airbus.com",
        "date_joined": "2014-09-08T16:42:16"
    },
    "model": "auth.user",
    "pk": 11
},
{
    "fields": {
        "username": "ST00003",
        "first_name": "Fabrice",
        "last_name": "NOUGAROLIS",
        "is_active": true,
        "is_superuser": false,
        "is_staff": false,
        "last_login": "2014-10-21T12:13:15",
        "groups": [],
        "user_permissions": [],
        "password": "pbkdf2_sha256$12000$hAl2UEuaniwA$DR+IxYMhDRypdXk0rWtLXP4VKmt2KT+9Q74iHo/DMyY=",
        "email": "fabrice.nougarolis@airbus.com",
        "date_joined": "2014-10-21T12:13:15"
    },
    "model": "auth.user",
    "pk": 12
},
{
    "fields": {
        "username": "ST21257",
        "first_name": "Marie",
        "last_name": "LAVAL",
        "is_active": true,
        "is_superuser": false,
        "is_staff": false,
        "last_login": "2014-10-21T13:37:42",
        "groups": [],
        "user_permissions": [],
        "password": "pbkdf2_sha256$12000$pHPSnKlbPmAn$0JVUR3VzXqA3z2h3I3TQVmHGKYN5fFSxbuwSaXxPias=",
        "email": "marie.laval@airbus.com",
        "date_joined": "2014-10-21T13:37:42"
    },
    "model": "auth.user",
    "pk": 13
},
{
    "fields": {
        "username": "ST26639",
        "first_name": "Lo\u00efc",
        "last_name": "ESPIAU",
        "is_active": true,
        "is_superuser": false,
        "is_staff": false,
        "last_login": "2014-10-21T13:42:14",
        "groups": [],
        "user_permissions": [],
        "password": "pbkdf2_sha256$12000$a3RqDNcgWMVo$a53qZryN9g2KVLlcI32UhFDYFiCVEALYl6rJquNOKTs=",
        "email": "",
        "date_joined": "2014-10-21T13:42:14"
    },
    "model": "auth.user",
    "pk": 14
},
{
    "fields": {
        "username": "ST30518",
        "first_name": "J\u00e9r\u00f4me",
        "last_name": "SOUHARCE",
        "is_active": true,
        "is_superuser": false,
        "is_staff": false,
        "last_login": "2014-10-21T13:44:27",
        "groups": [],
        "user_permissions": [],
        "password": "pbkdf2_sha256$12000$BPvFkIauKQd8$S09PeccXMMtJPtCU2fInvxafdpYEdE1W912yVIo4Mmo=",
        "email": "",
        "date_joined": "2014-10-21T13:44:27"
    },
    "model": "auth.user",
    "pk": 15
},
{
    "fields": {
        "username": "ST26708",
        "first_name": "Thomas",
        "last_name": "BALDET",
        "is_active": true,
        "is_superuser": false,
        "is_staff": false,
        "last_login": "2014-10-21T14:48:28",
        "groups": [],
        "user_permissions": [],
        "password": "pbkdf2_sha256$12000$M8wj4r0fGxHM$UZbgNR0r1TsDYduThDl1trubOqrCONqUuse4xPu8lFQ=",
        "email": "",
        "date_joined": "2014-10-21T14:48:28"
    },
    "model": "auth.user",
    "pk": 17
},
{
    "fields": {
        "username": "ST34028",
        "first_name": "Etienne",
        "last_name": "PERPERE",
        "is_active": true,
        "is_superuser": false,
        "is_staff": false,
        "last_login": "2014-10-21T14:52:43",
        "groups": [],
        "user_permissions": [],
        "password": "pbkdf2_sha256$12000$gc7MukiFrv8l$bwtgXKOy2d/IrJOHzlGBO3aUR+YVZX13Hh1eGvyrFGI=",
        "email": "",
        "date_joined": "2014-10-21T14:52:43"
    },
    "model": "auth.user",
    "pk": 18
},
{
    "fields": {
        "username": "NG1125D",
        "first_name": "Nicolas",
        "last_name": "SICARD",
        "is_active": true,
        "is_superuser": false,
        "is_staff": false,
        "last_login": "2014-10-21T15:34:32",
        "groups": [],
        "user_permissions": [],
        "password": "pbkdf2_sha256$12000$aHRpwa4avoWm$jF7NoNWzJc04IRdG/V9O78WwI6xBvf9FbAztJSS4tBE=",
        "email": "",
        "date_joined": "2014-10-21T15:34:32"
    },
    "model": "auth.user",
    "pk": 19
},
{
    "fields": {
        "username": "ST26051",
        "first_name": "Vanessa",
        "last_name": "FAVELLET",
        "is_active": true,
        "is_superuser": true,
        "is_staff": true,
        "last_login": "2014-10-21T15:42:10",
        "groups": [],
        "user_permissions": [],
        "password": "pbkdf2_sha256$12000$jpu9d8es4MI1$Rt/1R9ys7X7pfyEXG+kRAs+Ta1EOR/ZINB35gL01Hzs=",
        "email": "vanessa.favellet@airbus.com",
        "date_joined": "2014-10-21T15:42:10"
    },
    "model": "auth.user",
    "pk": 20
},
{
    "fields": {
        "username": "ST00481",
        "first_name": "C\u00e9line",
        "last_name": "GANTIE",
        "is_active": true,
        "is_superuser": false,
        "is_staff": false,
        "last_login": "2014-10-21T15:56:18",
        "groups": [],
        "user_permissions": [],
        "password": "pbkdf2_sha256$12000$BTX3088OR2dp$AFW383CpJ0kMoz1V+Q2A/JvYf/Avgi240dCW/HmhiW0=",
        "email": "",
        "date_joined": "2014-10-21T15:56:18"
    },
    "model": "auth.user",
    "pk": 21
},
{
    "fields": {
        "username": "NG006FFD",
        "first_name": "Christl",
        "last_name": "BERTIN",
        "is_active": true,
        "is_superuser": false,
        "is_staff": false,
        "last_login": "2014-10-21T16:02:35",
        "groups": [],
        "user_permissions": [],
        "password": "pbkdf2_sha256$12000$0kviDNtwn9Pp$xptwrvCi2hKUs9cR31EbiJzYYtjr993E2TggplTFYeU=",
        "email": "",
        "date_joined": "2014-10-21T16:02:35"
    },
    "model": "auth.user",
    "pk": 22
},
{
    "fields": {
        "username": "NG11256",
        "first_name": "Florian",
        "last_name": "BERGERON",
        "is_active": true,
        "is_superuser": false,
        "is_staff": false,
        "last_login": "2014-10-21T16:05:07",
        "groups": [],
        "user_permissions": [],
        "password": "pbkdf2_sha256$12000$F0OujcViWak3$RZ29JP5HNfagCbCY4RIsbiAv5y6PeIIEYBevQNY1MWg=",
        "email": "",
        "date_joined": "2014-10-21T16:05:07"
    },
    "model": "auth.user",
    "pk": 23
},
{
    "fields": {
        "username": "NG00AAEE",
        "first_name": "S\u00e9bastien",
        "last_name": "FOURCADE",
        "is_active": true,
        "is_superuser": false,
        "is_staff": false,
        "last_login": "2014-10-21T16:31:49",
        "groups": [],
        "user_permissions": [],
        "password": "pbkdf2_sha256$12000$5hlnJ19H6qZG$3hG4uCaQA/vDBJrCNA+2DZjsa0QJ3YNrH20T6nj4AeQ=",
        "email": "",
        "date_joined": "2014-10-21T16:31:49"
    },
    "model": "auth.user",
    "pk": 24
},
{
    "fields": {
        "username": "ST31613",
        "first_name": "Olivier",
        "last_name": "SAVIGNY",
        "is_active": true,
        "is_superuser": false,
        "is_staff": false,
        "last_login": "2014-10-21T16:34:19",
        "groups": [],
        "user_permissions": [],
        "password": "pbkdf2_sha256$12000$PiBKh8rkOk9m$BktT1JWPtYbR49fkdcZ/+n5X28AzcRhwHQlrS+6jodc=",
        "email": "",
        "date_joined": "2014-10-21T16:34:19"
    },
    "model": "auth.user",
    "pk": 25
},
{
    "fields": {
        "username": "ST20931",
        "first_name": "Damien",
        "last_name": "RUPIL",
        "is_active": true,
        "is_superuser": false,
        "is_staff": false,
        "last_login": "2014-10-21T16:52:34",
        "groups": [],
        "user_permissions": [],
        "password": "pbkdf2_sha256$12000$WR1iYf9kHIO8$IkXssX3A5292izJxnHanVJNGOalsC54kp13FFUxOxXM=",
        "email": "",
        "date_joined": "2014-10-21T16:52:34"
    },
    "model": "auth.user",
    "pk": 26
},
{
    "fields": {
        "username": "NG1F6B9",
        "first_name": "Kevin",
        "last_name": "SERY",
        "is_active": true,
        "is_superuser": false,
        "is_staff": false,
        "last_login": "2014-10-21T16:58:26",
        "groups": [],
        "user_permissions": [],
        "password": "pbkdf2_sha256$12000$Mf16ny7ZJMXz$vxetxtSVhUxXmdQIn196dR5dVNKg6KmYeB4BHQFpHUw=",
        "email": "",
        "date_joined": "2014-10-21T16:58:26"
    },
    "model": "auth.user",
    "pk": 27
},
{
    "fields": {
        "username": "NG003D21",
        "first_name": "Florian",
        "last_name": "DEMANGE",
        "is_active": true,
        "is_superuser": false,
        "is_staff": false,
        "last_login": "2014-10-21T17:01:03",
        "groups": [],
        "user_permissions": [],
        "password": "pbkdf2_sha256$12000$QBcngc5qGZ4Y$zZpl0ViFB1JLEoh9pnCIVozyI3AP53IGIm4A+EJbTpg=",
        "email": "",
        "date_joined": "2014-10-21T17:01:03"
    },
    "model": "auth.user",
    "pk": 28
},
{
    "fields": {
        "username": "NG005D7A",
        "first_name": "Diane",
        "last_name": "DEMARS",
        "is_active": true,
        "is_superuser": false,
        "is_staff": false,
        "last_login": "2014-10-27T14:00:49",
        "groups": [],
        "user_permissions": [],
        "password": "pbkdf2_sha256$12000$cdMBOAp1EMGa$vZX1Snw4PULXdjvheT4fViEem33aX7HIt0C80170Its=",
        "email": "",
        "date_joined": "2014-10-27T14:00:49"
    },
    "model": "auth.user",
    "pk": 29
},
{
    "fields": {
        "username": "ST31428",
        "first_name": "Guillaume",
        "last_name": "RICHIR",
        "is_active": true,
        "is_superuser": false,
        "is_staff": false,
        "last_login": "2014-10-27T14:03:28",
        "groups": [],
        "user_permissions": [],
        "password": "pbkdf2_sha256$12000$8BLPlyYeVyNj$0J4L69PAKTS/obsIIcTkNZJUW2aAZBL4nrcIGzXmShU=",
        "email": "",
        "date_joined": "2014-10-27T14:03:28"
    },
    "model": "auth.user",
    "pk": 30
},
{
    "fields": {
        "username": "ST20959",
        "first_name": "Matthieu",
        "last_name": "RICHIR",
        "is_active": true,
        "is_superuser": false,
        "is_staff": false,
        "last_login": "2014-10-27T14:47:56",
        "groups": [],
        "user_permissions": [],
        "password": "pbkdf2_sha256$12000$fsRWqqLxq0I8$jJ9btXDwV0KwFUlAH2ZzexiFCL8owGasibMnr/Fw3F8=",
        "email": "",
        "date_joined": "2014-10-27T14:47:56"
    },
    "model": "auth.user",
    "pk": 31
},
{
    "fields": {
        "username": "NG1DE57",
        "first_name": "Thierry",
        "last_name": "THUILLIER",
        "is_active": true,
        "is_superuser": false,
        "is_staff": false,
        "last_login": "2014-10-27T14:56:54",
        "groups": [],
        "user_permissions": [],
        "password": "pbkdf2_sha256$12000$rxaY0Uq2AlEW$WsW4jeSXO3xgLBRRtR3Qksr/96V22NIk+QUIBqI+roQ=",
        "email": "",
        "date_joined": "2014-10-27T14:56:54"
    },
    "model": "auth.user",
    "pk": 32
},
{
    "fields": {
        "username": "ST30363",
        "first_name": "Guillaume",
        "last_name": "SARDA",
        "is_active": true,
        "is_superuser": false,
        "is_staff": false,
        "last_login": "2014-10-27T15:56:15",
        "groups": [],
        "user_permissions": [],
        "password": "pbkdf2_sha256$12000$i87BpPOkGFjO$XACocFnOyIfvM4TXgpXHT6CNHI4TuDH7TnPMqYd9yak=",
        "email": "",
        "date_joined": "2014-10-27T15:56:15"
    },
    "model": "auth.user",
    "pk": 33
},
{
    "fields": {
        "username": "NG0CEA1",
        "first_name": "Brice",
        "last_name": "ROBIN",
        "is_active": true,
        "is_superuser": false,
        "is_staff": false,
        "last_login": "2014-10-27T17:51:13",
        "groups": [],
        "user_permissions": [],
        "password": "pbkdf2_sha256$12000$pdJ30sqW2QlW$qBXIjlJECvwAc8Xnu6oAAB4sLVWBFyk4kt+btdTMHMQ=",
        "email": "",
        "date_joined": "2014-10-27T17:51:13"
    },
    "model": "auth.user",
    "pk": 34
},
{
    "fields": {
        "username": "ST22017",
        "first_name": "Odile",
        "last_name": "OLIVIER",
        "is_active": true,
        "is_superuser": false,
        "is_staff": false,
        "last_login": "2014-10-28T10:18:52",
        "groups": [],
        "user_permissions": [],
        "password": "pbkdf2_sha256$12000$tguHHsz7OQlS$0qgIZvvm/T80vCM/h1wcLSQhW8doRQZBLlH3Ado/ERU=",
        "email": "",
        "date_joined": "2014-10-28T10:18:52"
    },
    "model": "auth.user",
    "pk": 35
},
{
    "fields": {
        "username": "ST19830",
        "first_name": "Caroline",
        "last_name": "GOUAZE",
        "is_active": true,
        "is_superuser": false,
        "is_staff": false,
        "last_login": "2014-10-28T10:20:34",
        "groups": [],
        "user_permissions": [],
        "password": "pbkdf2_sha256$12000$fSBrRJ1IeapT$B8dJSh/hw0p8uIqmBcHb0sWel/3FH8mZgWOgqSghE1I=",
        "email": "",
        "date_joined": "2014-10-28T10:20:34"
    },
    "model": "auth.user",
    "pk": 36
},
{
    "fields": {
        "username": "ST03149",
        "first_name": "Pierre",
        "last_name": "PADILLA",
        "is_active": true,
        "is_superuser": false,
        "is_staff": false,
        "last_login": "2014-10-28T16:58:52",
        "groups": [],
        "user_permissions": [],
        "password": "pbkdf2_sha256$12000$iTosYSCBPFMq$0OzJ1rcMSN++bfR/2SmGl+f2m9lg7NQSkXRAXFdSTVQ=",
        "email": "",
        "date_joined": "2014-10-28T16:58:52"
    },
    "model": "auth.user",
    "pk": 37
},
{
    "fields": {
        "username": "NG1039E",
        "first_name": "R\u00e9mi",
        "last_name": "TAVERNIER",
        "is_active": true,
        "is_superuser": false,
        "is_staff": false,
        "last_login": "2014-10-29T09:48:03",
        "groups": [],
        "user_permissions": [],
        "password": "pbkdf2_sha256$12000$iYrMo1aq4La4$+IC3ekd3Om6W+uP8jK7n2Ho+Vp0K6ladt1/TGziUXRk=",
        "email": "",
        "date_joined": "2014-10-29T09:48:03"
    },
    "model": "auth.user",
    "pk": 38
},
{
    "fields": {
        "username": "ST12016",
        "first_name": "Dominique",
        "last_name": "BEZON",
        "is_active": true,
        "is_superuser": false,
        "is_staff": false,
        "last_login": "2014-10-29T13:50:19",
        "groups": [],
        "user_permissions": [],
        "password": "pbkdf2_sha256$12000$py75ggioa39G$ri5u+zgBTD+f5nO4WMYjX6f88b4kKVHXuzWGpPGx680=",
        "email": "",
        "date_joined": "2014-10-29T13:50:19"
    },
    "model": "auth.user",
    "pk": 39
},
{
    "fields": {
        "username": "TH62A7",
        "first_name": "Hans-J\u00fcrgen",
        "last_name": "BLETZ",
        "is_active": true,
        "is_superuser": false,
        "is_staff": false,
        "last_login": "2014-10-29T13:52:00",
        "groups": [],
        "user_permissions": [],
        "password": "pbkdf2_sha256$12000$Y9KlglG70H16$TpGasyI26NOffxpmf1OUciyRYMKp9DcHGmUPOoxwy5Q=",
        "email": "",
        "date_joined": "2014-10-29T13:52:00"
    },
    "model": "auth.user",
    "pk": 40
},
{
    "fields": {
        "username": "THE1K4",
        "first_name": "Detlef",
        "last_name": "KUTTIG",
        "is_active": true,
        "is_superuser": false,
        "is_staff": false,
        "last_login": "2014-10-29T13:53:45",
        "groups": [],
        "user_permissions": [],
        "password": "pbkdf2_sha256$12000$QpTTGQX3EkQb$EFVudzU/c7zhZsjNNOwZXSTraZYVZWvJUEn8Z8ngTtk=",
        "email": "",
        "date_joined": "2014-10-29T13:53:45"
    },
    "model": "auth.user",
    "pk": 41
},
{
    "fields": {
        "username": "THB2PC",
        "first_name": "Peter",
        "last_name": "SCHEFFEL",
        "is_active": true,
        "is_superuser": false,
        "is_staff": false,
        "last_login": "2014-10-29T13:56:24",
        "groups": [],
        "user_permissions": [],
        "password": "pbkdf2_sha256$12000$LzHTz0TWxte5$STygWlYLkX+Ac6o1bH3wb7ZCnrtWFTx5jVW4beA3kuo=",
        "email": "",
        "date_joined": "2014-10-29T13:56:24"
    },
    "model": "auth.user",
    "pk": 42
},
{
    "fields": {
        "username": "THA25K",
        "first_name": "Christine-Marie",
        "last_name": "SCHNEIDER",
        "is_active": true,
        "is_superuser": false,
        "is_staff": false,
        "last_login": "2014-10-29T13:58:08",
        "groups": [],
        "user_permissions": [],
        "password": "pbkdf2_sha256$12000$s3ozCPcblCL6$ieAnUc2eW+oVGD1RQwK3vxnqH5H+4tfM6EUzvIa5On4=",
        "email": "",
        "date_joined": "2014-10-29T13:58:08"
    },
    "model": "auth.user",
    "pk": 43
},
{
    "fields": {
        "username": "ST01394",
        "first_name": "Alexandre",
        "last_name": "STRICKLER",
        "is_active": true,
        "is_superuser": false,
        "is_staff": false,
        "last_login": "2014-10-29T14:28:25",
        "groups": [],
        "user_permissions": [],
        "password": "pbkdf2_sha256$12000$XD58XfRfqZix$HGK0PjvSp4gbgmhKGlBWz/95iprgvXtGlIwUdUIEJrU=",
        "email": "",
        "date_joined": "2014-10-29T14:28:25"
    },
    "model": "auth.user",
    "pk": 44
},
{
    "fields": {
        "username": "TH62CH",
        "first_name": "Christian",
        "last_name": "SCHOLZ",
        "is_active": true,
        "is_superuser": false,
        "is_staff": false,
        "last_login": "2014-11-11T14:40:46",
        "groups": [],
        "user_permissions": [],
        "password": "pbkdf2_sha256$12000$soy3s8qEDtrO$uitkpiR9iiY5g9n+3wkG8oic/qyXTBrfqJ+gnygcb6I=",
        "email": "",
        "date_joined": "2014-11-04T14:03:38"
    },
    "model": "auth.user",
    "pk": 45
},
{
    "fields": {
        "username": "ST22031",
        "first_name": "St\u00e9phane",
        "last_name": "LABORIE",
        "is_active": true,
        "is_superuser": false,
        "is_staff": false,
        "last_login": "2014-11-05T10:17:24",
        "groups": [],
        "user_permissions": [],
        "password": "pbkdf2_sha256$12000$Zcyp815WqCBj$WBv8+x81iDl2WsOVvThRVhb7XOfa8l+oP9bGgseZsHk=",
        "email": "",
        "date_joined": "2014-11-05T10:17:24"
    },
    "model": "auth.user",
    "pk": 46
},
{
    "fields": {
        "username": "NG161B1",
        "first_name": "Eric",
        "last_name": "BRIN",
        "is_active": true,
        "is_superuser": false,
        "is_staff": false,
        "last_login": "2014-11-05T10:27:39",
        "groups": [],
        "user_permissions": [],
        "password": "pbkdf2_sha256$12000$TIqURTZ9zXa0$bdIpsuoMA+v6F5xEFk8EYFx4N6AeZIDEJSnswSaIthc=",
        "email": "",
        "date_joined": "2014-11-05T10:27:39"
    },
    "model": "auth.user",
    "pk": 47
},
{
    "fields": {
        "username": "NG00531B",
        "first_name": "Jerome",
        "last_name": "ABRAHAM",
        "is_active": false,
        "is_superuser": false,
        "is_staff": false,
        "last_login": null,
        "groups": [],
        "user_permissions": [],
        "password": "",
        "email": "",
        "date_joined": null
    },
    "model": "auth.user",
    "pk": 303
},
{
    "fields": {
        "username": "thc1dn",
        "first_name": "Metin",
        "last_name": "ALTUN",
        "is_active": false,
        "is_superuser": false,
        "is_staff": false,
        "last_login": null,
        "groups": [],
        "user_permissions": [],
        "password": "",
        "email": "",
        "date_joined": null
    },
    "model": "auth.user",
    "pk": 304
},
{
    "fields": {
        "username": "ST33800",
        "first_name": "Philippe",
        "last_name": "ALVES",
        "is_active": false,
        "is_superuser": false,
        "is_staff": false,
        "last_login": null,
        "groups": [],
        "user_permissions": [],
        "password": "",
        "email": "",
        "date_joined": null
    },
    "model": "auth.user",
    "pk": 305
},
{
    "fields": {
        "username": "NG15D88",
        "first_name": "Benoit",
        "last_name": "ARAGON",
        "is_active": false,
        "is_superuser": false,
        "is_staff": false,
        "last_login": null,
        "groups": [],
        "user_permissions": [],
        "password": "",
        "email": "",
        "date_joined": null
    },
    "model": "auth.user",
    "pk": 306
},
{
    "fields": {
        "username": "NG0E35D",
        "first_name": "Clement",
        "last_name": "AVRILLAS",
        "is_active": false,
        "is_superuser": false,
        "is_staff": false,
        "last_login": null,
        "groups": [],
        "user_permissions": [],
        "password": "",
        "email": "",
        "date_joined": null
    },
    "model": "auth.user",
    "pk": 307
},
{
    "fields": {
        "username": "ST25623",
        "first_name": "Francois",
        "last_name": "BARBE",
        "is_active": false,
        "is_superuser": false,
        "is_staff": false,
        "last_login": null,
        "groups": [],
        "user_permissions": [],
        "password": "",
        "email": "",
        "date_joined": null
    },
    "model": "auth.user",
    "pk": 308
},
{
    "fields": {
        "username": "NG0BB36",
        "first_name": "Norbert",
        "last_name": "BARSTAT",
        "is_active": false,
        "is_superuser": false,
        "is_staff": false,
        "last_login": null,
        "groups": [],
        "user_permissions": [],
        "password": "",
        "email": "",
        "date_joined": null
    },
    "model": "auth.user",
    "pk": 309
},
{
    "fields": {
        "username": "NG1548A",
        "first_name": "Jerome",
        "last_name": "BARTHELEMY",
        "is_active": false,
        "is_superuser": false,
        "is_staff": false,
        "last_login": null,
        "groups": [],
        "user_permissions": [],
        "password": "",
        "email": "",
        "date_joined": null
    },
    "model": "auth.user",
    "pk": 310
},
{
    "fields": {
        "username": "NG25197",
        "first_name": "Benjamin",
        "last_name": "BEGES",
        "is_active": false,
        "is_superuser": false,
        "is_staff": false,
        "last_login": null,
        "groups": [],
        "user_permissions": [],
        "password": "",
        "email": "",
        "date_joined": null
    },
    "model": "auth.user",
    "pk": 311
},
{
    "fields": {
        "username": "NG17057",
        "first_name": "Nathalie",
        "last_name": "BELTRAN",
        "is_active": false,
        "is_superuser": false,
        "is_staff": false,
        "last_login": null,
        "groups": [],
        "user_permissions": [],
        "password": "",
        "email": "",
        "date_joined": null
    },
    "model": "auth.user",
    "pk": 312
},
{
    "fields": {
        "username": "NG0D6F3",
        "first_name": "Jean Claude",
        "last_name": "BENARD",
        "is_active": false,
        "is_superuser": false,
        "is_staff": false,
        "last_login": null,
        "groups": [],
        "user_permissions": [],
        "password": "",
        "email": "",
        "date_joined": null
    },
    "model": "auth.user",
    "pk": 313
},
{
    "fields": {
        "username": "NG20145",
        "first_name": "Valerie",
        "last_name": "BENARD",
        "is_active": false,
        "is_superuser": false,
        "is_staff": false,
        "last_login": null,
        "groups": [],
        "user_permissions": [],
        "password": "",
        "email": "",
        "date_joined": null
    },
    "model": "auth.user",
    "pk": 314
},
{
    "fields": {
        "username": "ST91873",
        "first_name": "Arnaud",
        "last_name": "BERLAND",
        "is_active": false,
        "is_superuser": false,
        "is_staff": false,
        "last_login": null,
        "groups": [],
        "user_permissions": [],
        "password": "",
        "email": "",
        "date_joined": null
    },
    "model": "auth.user",
    "pk": 315
},
{
    "fields": {
        "username": "SU17769",
        "first_name": "Jerome",
        "last_name": "BERLY",
        "is_active": false,
        "is_superuser": false,
        "is_staff": false,
        "last_login": null,
        "groups": [],
        "user_permissions": [],
        "password": "",
        "email": "",
        "date_joined": null
    },
    "model": "auth.user",
    "pk": 316
},
{
    "fields": {
        "username": "NG0CC40",
        "first_name": "Agnes",
        "last_name": "BERNHART",
        "is_active": false,
        "is_superuser": false,
        "is_staff": false,
        "last_login": null,
        "groups": [],
        "user_permissions": [],
        "password": "",
        "email": "",
        "date_joined": null
    },
    "model": "auth.user",
    "pk": 317
},
{
    "fields": {
        "username": "NG107AC",
        "first_name": "Vincent",
        "last_name": "BERTHE",
        "is_active": false,
        "is_superuser": false,
        "is_staff": false,
        "last_login": null,
        "groups": [],
        "user_permissions": [],
        "password": "",
        "email": "",
        "date_joined": null
    },
    "model": "auth.user",
    "pk": 318
},
{
    "fields": {
        "username": "ST97024",
        "first_name": "Sebastien",
        "last_name": "BERTON",
        "is_active": false,
        "is_superuser": false,
        "is_staff": false,
        "last_login": null,
        "groups": [],
        "user_permissions": [],
        "password": "",
        "email": "",
        "date_joined": null
    },
    "model": "auth.user",
    "pk": 319
},
{
    "fields": {
        "username": "NG007002",
        "first_name": "Jean",
        "last_name": "BILLARD",
        "is_active": false,
        "is_superuser": false,
        "is_staff": false,
        "last_login": null,
        "groups": [],
        "user_permissions": [],
        "password": "",
        "email": "",
        "date_joined": null
    },
    "model": "auth.user",
    "pk": 320
},
{
    "fields": {
        "username": "ng10b60",
        "first_name": "Ersin",
        "last_name": "BINICI",
        "is_active": false,
        "is_superuser": false,
        "is_staff": false,
        "last_login": null,
        "groups": [],
        "user_permissions": [],
        "password": "",
        "email": "",
        "date_joined": null
    },
    "model": "auth.user",
    "pk": 321
},
{
    "fields": {
        "username": "ng1a066",
        "first_name": "Oliver",
        "last_name": "BOE",
        "is_active": false,
        "is_superuser": false,
        "is_staff": false,
        "last_login": null,
        "groups": [],
        "user_permissions": [],
        "password": "",
        "email": "",
        "date_joined": null
    },
    "model": "auth.user",
    "pk": 322
},
{
    "fields": {
        "username": "NG14941",
        "first_name": "Elodie",
        "last_name": "BONNIORD",
        "is_active": false,
        "is_superuser": false,
        "is_staff": false,
        "last_login": null,
        "groups": [],
        "user_permissions": [],
        "password": "",
        "email": "",
        "date_joined": null
    },
    "model": "auth.user",
    "pk": 323
},
{
    "fields": {
        "username": "th62b3",
        "first_name": "Torsten",
        "last_name": "B\u00d6SCH",
        "is_active": false,
        "is_superuser": false,
        "is_staff": false,
        "last_login": null,
        "groups": [],
        "user_permissions": [],
        "password": "",
        "email": "",
        "date_joined": null
    },
    "model": "auth.user",
    "pk": 324
},
{
    "fields": {
        "username": "ST20801",
        "first_name": "Sylvie",
        "last_name": "BOSQUE",
        "is_active": false,
        "is_superuser": false,
        "is_staff": false,
        "last_login": null,
        "groups": [],
        "user_permissions": [],
        "password": "",
        "email": "",
        "date_joined": null
    },
    "model": "auth.user",
    "pk": 325
},
{
    "fields": {
        "username": "NG00454F",
        "first_name": "Fabien",
        "last_name": "BOUCHERLE",
        "is_active": false,
        "is_superuser": false,
        "is_staff": false,
        "last_login": null,
        "groups": [],
        "user_permissions": [],
        "password": "",
        "email": "",
        "date_joined": null
    },
    "model": "auth.user",
    "pk": 326
},
{
    "fields": {
        "username": "thb8qc",
        "first_name": "Khaled",
        "last_name": "BOUKHALFA",
        "is_active": false,
        "is_superuser": false,
        "is_staff": false,
        "last_login": null,
        "groups": [],
        "user_permissions": [],
        "password": "",
        "email": "",
        "date_joined": null
    },
    "model": "auth.user",
    "pk": 327
},
{
    "fields": {
        "username": "NG283EC",
        "first_name": "Marine",
        "last_name": "BOULLE",
        "is_active": false,
        "is_superuser": false,
        "is_staff": false,
        "last_login": null,
        "groups": [],
        "user_permissions": [],
        "password": "",
        "email": "",
        "date_joined": null
    },
    "model": "auth.user",
    "pk": 328
},
{
    "fields": {
        "username": "SU18357",
        "first_name": "Jean Michel",
        "last_name": "BRAUN",
        "is_active": false,
        "is_superuser": false,
        "is_staff": false,
        "last_login": null,
        "groups": [],
        "user_permissions": [],
        "password": "",
        "email": "",
        "date_joined": null
    },
    "model": "auth.user",
    "pk": 329
},
{
    "fields": {
        "username": "NG235D0",
        "first_name": "Denis",
        "last_name": "BREUX",
        "is_active": false,
        "is_superuser": false,
        "is_staff": false,
        "last_login": null,
        "groups": [],
        "user_permissions": [],
        "password": "",
        "email": "",
        "date_joined": null
    },
    "model": "auth.user",
    "pk": 330
},
{
    "fields": {
        "username": "NG23677",
        "first_name": "Carole",
        "last_name": "BRION",
        "is_active": false,
        "is_superuser": false,
        "is_staff": false,
        "last_login": null,
        "groups": [],
        "user_permissions": [],
        "password": "",
        "email": "",
        "date_joined": null
    },
    "model": "auth.user",
    "pk": 331
},
{
    "fields": {
        "username": "NG1F1B9",
        "first_name": "Rita",
        "last_name": "BRONNENHUBER",
        "is_active": false,
        "is_superuser": false,
        "is_staff": false,
        "last_login": null,
        "groups": [],
        "user_permissions": [],
        "password": "",
        "email": "",
        "date_joined": null
    },
    "model": "auth.user",
    "pk": 332
},
{
    "fields": {
        "username": "NG16820",
        "first_name": "Aurelie",
        "last_name": "BROUSSE",
        "is_active": false,
        "is_superuser": false,
        "is_staff": false,
        "last_login": null,
        "groups": [],
        "user_permissions": [],
        "password": "",
        "email": "",
        "date_joined": null
    },
    "model": "auth.user",
    "pk": 333
},
{
    "fields": {
        "username": "ts8atb",
        "first_name": "Tim",
        "last_name": "BR\u00dcNING",
        "is_active": false,
        "is_superuser": false,
        "is_staff": false,
        "last_login": null,
        "groups": [],
        "user_permissions": [],
        "password": "",
        "email": "",
        "date_joined": null
    },
    "model": "auth.user",
    "pk": 334
},
{
    "fields": {
        "username": "the14b",
        "first_name": "Sebastian",
        "last_name": "BUCHEN",
        "is_active": false,
        "is_superuser": false,
        "is_staff": false,
        "last_login": null,
        "groups": [],
        "user_permissions": [],
        "password": "",
        "email": "",
        "date_joined": null
    },
    "model": "auth.user",
    "pk": 335
},
{
    "fields": {
        "username": "NG35D5F",
        "first_name": "Elodie",
        "last_name": "BUISSON",
        "is_active": false,
        "is_superuser": false,
        "is_staff": false,
        "last_login": null,
        "groups": [],
        "user_permissions": [],
        "password": "",
        "email": "",
        "date_joined": null
    },
    "model": "auth.user",
    "pk": 336
},
{
    "fields": {
        "username": "ST93839",
        "first_name": "Yoann",
        "last_name": "BURBAN",
        "is_active": false,
        "is_superuser": false,
        "is_staff": false,
        "last_login": null,
        "groups": [],
        "user_permissions": [],
        "password": "",
        "email": "",
        "date_joined": null
    },
    "model": "auth.user",
    "pk": 337
},
{
    "fields": {
        "username": "ST12425",
        "first_name": "Bertrand",
        "last_name": "CABANAT",
        "is_active": false,
        "is_superuser": false,
        "is_staff": false,
        "last_login": null,
        "groups": [],
        "user_permissions": [],
        "password": "",
        "email": "",
        "date_joined": null
    },
    "model": "auth.user",
    "pk": 338
},
{
    "fields": {
        "username": "NG0084AA",
        "first_name": "Alexandre",
        "last_name": "CANCEL",
        "is_active": false,
        "is_superuser": false,
        "is_staff": false,
        "last_login": null,
        "groups": [],
        "user_permissions": [],
        "password": "",
        "email": "",
        "date_joined": null
    },
    "model": "auth.user",
    "pk": 339
},
{
    "fields": {
        "username": "ST22024",
        "first_name": "Jean-Pierre",
        "last_name": "CARCASSES",
        "is_active": false,
        "is_superuser": false,
        "is_staff": false,
        "last_login": null,
        "groups": [],
        "user_permissions": [],
        "password": "",
        "email": "",
        "date_joined": null
    },
    "model": "auth.user",
    "pk": 340
},
{
    "fields": {
        "username": "ST02673",
        "first_name": "Aline",
        "last_name": "CASTON",
        "is_active": false,
        "is_superuser": false,
        "is_staff": false,
        "last_login": null,
        "groups": [],
        "user_permissions": [],
        "password": "",
        "email": "",
        "date_joined": null
    },
    "model": "auth.user",
    "pk": 341
},
{
    "fields": {
        "username": "ST08075",
        "first_name": "Julian",
        "last_name": "CAULET",
        "is_active": false,
        "is_superuser": false,
        "is_staff": false,
        "last_login": null,
        "groups": [],
        "user_permissions": [],
        "password": "",
        "email": "",
        "date_joined": null
    },
    "model": "auth.user",
    "pk": 342
},
{
    "fields": {
        "username": "NG23AA9",
        "first_name": "Clement",
        "last_name": "CAVALIE",
        "is_active": false,
        "is_superuser": false,
        "is_staff": false,
        "last_login": null,
        "groups": [],
        "user_permissions": [],
        "password": "",
        "email": "",
        "date_joined": null
    },
    "model": "auth.user",
    "pk": 343
},
{
    "fields": {
        "username": "ST23860",
        "first_name": "Matthieu",
        "last_name": "CHANEL",
        "is_active": false,
        "is_superuser": false,
        "is_staff": false,
        "last_login": null,
        "groups": [],
        "user_permissions": [],
        "password": "",
        "email": "",
        "date_joined": null
    },
    "model": "auth.user",
    "pk": 344
},
{
    "fields": {
        "username": "NG2A577",
        "first_name": "Philippe",
        "last_name": "CLAIRE EUGENIE",
        "is_active": false,
        "is_superuser": false,
        "is_staff": false,
        "last_login": null,
        "groups": [],
        "user_permissions": [],
        "password": "",
        "email": "",
        "date_joined": null
    },
    "model": "auth.user",
    "pk": 345
},
{
    "fields": {
        "username": "NG2207F",
        "first_name": "Sophie",
        "last_name": "CLAVEYROLAS",
        "is_active": false,
        "is_superuser": false,
        "is_staff": false,
        "last_login": null,
        "groups": [],
        "user_permissions": [],
        "password": "",
        "email": "",
        "date_joined": null
    },
    "model": "auth.user",
    "pk": 346
},
{
    "fields": {
        "username": "NG0E361",
        "first_name": "Florent",
        "last_name": "COLLET",
        "is_active": false,
        "is_superuser": false,
        "is_staff": false,
        "last_login": null,
        "groups": [],
        "user_permissions": [],
        "password": "",
        "email": "",
        "date_joined": null
    },
    "model": "auth.user",
    "pk": 347
},
{
    "fields": {
        "username": "NG26705",
        "first_name": "Celine",
        "last_name": "CORNILLAULT",
        "is_active": false,
        "is_superuser": false,
        "is_staff": false,
        "last_login": null,
        "groups": [],
        "user_permissions": [],
        "password": "",
        "email": "",
        "date_joined": null
    },
    "model": "auth.user",
    "pk": 348
},
{
    "fields": {
        "username": "ST92532",
        "first_name": "Thierry",
        "last_name": "CORPITA",
        "is_active": false,
        "is_superuser": false,
        "is_staff": false,
        "last_login": null,
        "groups": [],
        "user_permissions": [],
        "password": "",
        "email": "",
        "date_joined": null
    },
    "model": "auth.user",
    "pk": 349
},
{
    "fields": {
        "username": "ST14567",
        "first_name": "Fabien",
        "last_name": "CROS",
        "is_active": false,
        "is_superuser": false,
        "is_staff": false,
        "last_login": null,
        "groups": [],
        "user_permissions": [],
        "password": "",
        "email": "",
        "date_joined": null
    },
    "model": "auth.user",
    "pk": 350
},
{
    "fields": {
        "username": "NG003D65",
        "first_name": "Pierre Julien",
        "last_name": "CROS",
        "is_active": false,
        "is_superuser": false,
        "is_staff": false,
        "last_login": null,
        "groups": [],
        "user_permissions": [],
        "password": "",
        "email": "",
        "date_joined": null
    },
    "model": "auth.user",
    "pk": 351
},
{
    "fields": {
        "username": "NG282FA",
        "first_name": "John-Paul",
        "last_name": "CROSSAN",
        "is_active": false,
        "is_superuser": false,
        "is_staff": false,
        "last_login": null,
        "groups": [],
        "user_permissions": [],
        "password": "",
        "email": "",
        "date_joined": null
    },
    "model": "auth.user",
    "pk": 352
},
{
    "fields": {
        "username": "NG22A6C",
        "first_name": "Elise",
        "last_name": "CROTTI",
        "is_active": false,
        "is_superuser": false,
        "is_staff": false,
        "last_login": null,
        "groups": [],
        "user_permissions": [],
        "password": "",
        "email": "",
        "date_joined": null
    },
    "model": "auth.user",
    "pk": 353
},
{
    "fields": {
        "username": "NG00734B",
        "first_name": "Sylvain",
        "last_name": "DALL ARMI",
        "is_active": false,
        "is_superuser": false,
        "is_staff": false,
        "last_login": null,
        "groups": [],
        "user_permissions": [],
        "password": "",
        "email": "",
        "date_joined": null
    },
    "model": "auth.user",
    "pk": 354
},
{
    "fields": {
        "username": "ST08883",
        "first_name": "Edouard",
        "last_name": "DAMPURE",
        "is_active": false,
        "is_superuser": false,
        "is_staff": false,
        "last_login": null,
        "groups": [],
        "user_permissions": [],
        "password": "",
        "email": "",
        "date_joined": null
    },
    "model": "auth.user",
    "pk": 355
},
{
    "fields": {
        "username": "ST02739",
        "first_name": "Frederic",
        "last_name": "DARRE",
        "is_active": false,
        "is_superuser": false,
        "is_staff": false,
        "last_login": null,
        "groups": [],
        "user_permissions": [],
        "password": "",
        "email": "",
        "date_joined": null
    },
    "model": "auth.user",
    "pk": 356
},
{
    "fields": {
        "username": "ST22059",
        "first_name": "Eric",
        "last_name": "DEBAT",
        "is_active": false,
        "is_superuser": false,
        "is_staff": false,
        "last_login": null,
        "groups": [],
        "user_permissions": [],
        "password": "",
        "email": "",
        "date_joined": null
    },
    "model": "auth.user",
    "pk": 357
},
{
    "fields": {
        "username": "NG11C67",
        "first_name": "Jean Francois",
        "last_name": "DEJARDIN",
        "is_active": false,
        "is_superuser": false,
        "is_staff": false,
        "last_login": null,
        "groups": [],
        "user_permissions": [],
        "password": "",
        "email": "",
        "date_joined": null
    },
    "model": "auth.user",
    "pk": 358
},
{
    "fields": {
        "username": "ng1a061",
        "first_name": "Philipp",
        "last_name": "DEVRIENT",
        "is_active": false,
        "is_superuser": false,
        "is_staff": false,
        "last_login": null,
        "groups": [],
        "user_permissions": [],
        "password": "",
        "email": "",
        "date_joined": null
    },
    "model": "auth.user",
    "pk": 359
},
{
    "fields": {
        "username": "NG3C191",
        "first_name": "Michael",
        "last_name": "DIFFORD",
        "is_active": false,
        "is_superuser": false,
        "is_staff": false,
        "last_login": null,
        "groups": [],
        "user_permissions": [],
        "password": "",
        "email": "",
        "date_joined": null
    },
    "model": "auth.user",
    "pk": 360
},
{
    "fields": {
        "username": "ST92190",
        "first_name": "Francois",
        "last_name": "DIVET",
        "is_active": false,
        "is_superuser": false,
        "is_staff": false,
        "last_login": null,
        "groups": [],
        "user_permissions": [],
        "password": "",
        "email": "",
        "date_joined": null
    },
    "model": "auth.user",
    "pk": 361
},
{
    "fields": {
        "username": "thb3f0",
        "first_name": "Valter",
        "last_name": "DORICIC",
        "is_active": false,
        "is_superuser": false,
        "is_staff": false,
        "last_login": null,
        "groups": [],
        "user_permissions": [],
        "password": "",
        "email": "",
        "date_joined": null
    },
    "model": "auth.user",
    "pk": 362
},
{
    "fields": {
        "username": "th62dk",
        "first_name": "Kevni",
        "last_name": "DRBAC",
        "is_active": false,
        "is_superuser": false,
        "is_staff": false,
        "last_login": null,
        "groups": [],
        "user_permissions": [],
        "password": "",
        "email": "",
        "date_joined": null
    },
    "model": "auth.user",
    "pk": 363
},
{
    "fields": {
        "username": "NG1DF5E",
        "first_name": "Maik",
        "last_name": "DREIER",
        "is_active": false,
        "is_superuser": false,
        "is_staff": false,
        "last_login": null,
        "groups": [],
        "user_permissions": [],
        "password": "",
        "email": "",
        "date_joined": null
    },
    "model": "auth.user",
    "pk": 364
},
{
    "fields": {
        "username": "ST07833",
        "first_name": "Pierre",
        "last_name": "DUCHIER",
        "is_active": false,
        "is_superuser": false,
        "is_staff": false,
        "last_login": null,
        "groups": [],
        "user_permissions": [],
        "password": "",
        "email": "",
        "date_joined": null
    },
    "model": "auth.user",
    "pk": 365
},
{
    "fields": {
        "username": "ST08086",
        "first_name": "Stephanie",
        "last_name": "DUJARDIN",
        "is_active": false,
        "is_superuser": false,
        "is_staff": false,
        "last_login": null,
        "groups": [],
        "user_permissions": [],
        "password": "",
        "email": "",
        "date_joined": null
    },
    "model": "auth.user",
    "pk": 366
},
{
    "fields": {
        "username": "NG24B68",
        "first_name": "Stefan",
        "last_name": "EHINGER",
        "is_active": false,
        "is_superuser": false,
        "is_staff": false,
        "last_login": null,
        "groups": [],
        "user_permissions": [],
        "password": "",
        "email": "",
        "date_joined": null
    },
    "model": "auth.user",
    "pk": 367
},
{
    "fields": {
        "username": "th62ec",
        "first_name": "Christian",
        "last_name": "EMRICH",
        "is_active": false,
        "is_superuser": false,
        "is_staff": false,
        "last_login": null,
        "groups": [],
        "user_permissions": [],
        "password": "",
        "email": "",
        "date_joined": null
    },
    "model": "auth.user",
    "pk": 368
},
{
    "fields": {
        "username": "tha3ig",
        "first_name": "Servet",
        "last_name": "ERDAG",
        "is_active": false,
        "is_superuser": false,
        "is_staff": false,
        "last_login": null,
        "groups": [],
        "user_permissions": [],
        "password": "",
        "email": "",
        "date_joined": null
    },
    "model": "auth.user",
    "pk": 369
},
{
    "fields": {
        "username": "NG2DD49",
        "first_name": "Florian",
        "last_name": "FAJOU",
        "is_active": false,
        "is_superuser": false,
        "is_staff": false,
        "last_login": null,
        "groups": [],
        "user_permissions": [],
        "password": "",
        "email": "",
        "date_joined": null
    },
    "model": "auth.user",
    "pk": 370
},
{
    "fields": {
        "username": "NG23FD9",
        "first_name": "Mathias",
        "last_name": "FAROUZ-FOUQUET",
        "is_active": false,
        "is_superuser": false,
        "is_staff": false,
        "last_login": null,
        "groups": [],
        "user_permissions": [],
        "password": "",
        "email": "",
        "date_joined": null
    },
    "model": "auth.user",
    "pk": 371
},
{
    "fields": {
        "username": "NG1974C",
        "first_name": "Gregory",
        "last_name": "FELIX",
        "is_active": false,
        "is_superuser": false,
        "is_staff": false,
        "last_login": null,
        "groups": [],
        "user_permissions": [],
        "password": "",
        "email": "",
        "date_joined": null
    },
    "model": "auth.user",
    "pk": 372
},
{
    "fields": {
        "username": "ST21694",
        "first_name": "Jean Christophe",
        "last_name": "FORESTIER",
        "is_active": false,
        "is_superuser": false,
        "is_staff": false,
        "last_login": null,
        "groups": [],
        "user_permissions": [],
        "password": "",
        "email": "",
        "date_joined": null
    },
    "model": "auth.user",
    "pk": 373
},
{
    "fields": {
        "username": "th62jf",
        "first_name": "Jan",
        "last_name": "FRIELING",
        "is_active": false,
        "is_superuser": false,
        "is_staff": false,
        "last_login": null,
        "groups": [],
        "user_permissions": [],
        "password": "",
        "email": "",
        "date_joined": null
    },
    "model": "auth.user",
    "pk": 375
},
{
    "fields": {
        "username": "NG18837",
        "first_name": "Sylvie",
        "last_name": "GALLARDO",
        "is_active": false,
        "is_superuser": false,
        "is_staff": false,
        "last_login": null,
        "groups": [],
        "user_permissions": [],
        "password": "",
        "email": "",
        "date_joined": null
    },
    "model": "auth.user",
    "pk": 376
},
{
    "fields": {
        "username": "ST97301",
        "first_name": "Yoann",
        "last_name": "GAREL",
        "is_active": false,
        "is_superuser": false,
        "is_staff": false,
        "last_login": null,
        "groups": [],
        "user_permissions": [],
        "password": "",
        "email": "",
        "date_joined": null
    },
    "model": "auth.user",
    "pk": 377
},
{
    "fields": {
        "username": "ST13369",
        "first_name": "Frederic",
        "last_name": "GAUTHIER",
        "is_active": false,
        "is_superuser": false,
        "is_staff": false,
        "last_login": null,
        "groups": [],
        "user_permissions": [],
        "password": "",
        "email": "",
        "date_joined": null
    },
    "model": "auth.user",
    "pk": 378
},
{
    "fields": {
        "username": "NG10943",
        "first_name": "Alexandre",
        "last_name": "GAYRAUD",
        "is_active": false,
        "is_superuser": false,
        "is_staff": false,
        "last_login": null,
        "groups": [],
        "user_permissions": [],
        "password": "",
        "email": "",
        "date_joined": null
    },
    "model": "auth.user",
    "pk": 379
},
{
    "fields": {
        "username": "NG2654D",
        "first_name": "Dimitrios",
        "last_name": "GIANNOULAS",
        "is_active": false,
        "is_superuser": false,
        "is_staff": false,
        "last_login": null,
        "groups": [],
        "user_permissions": [],
        "password": "",
        "email": "",
        "date_joined": null
    },
    "model": "auth.user",
    "pk": 380
},
{
    "fields": {
        "username": "NG25258",
        "first_name": "Fabrice",
        "last_name": "GINER",
        "is_active": false,
        "is_superuser": false,
        "is_staff": false,
        "last_login": null,
        "groups": [],
        "user_permissions": [],
        "password": "",
        "email": "",
        "date_joined": null
    },
    "model": "auth.user",
    "pk": 381
},
{
    "fields": {
        "username": "tha24g",
        "first_name": "Beate",
        "last_name": "G\u00d6RIG",
        "is_active": false,
        "is_superuser": false,
        "is_staff": false,
        "last_login": null,
        "groups": [],
        "user_permissions": [],
        "password": "",
        "email": "",
        "date_joined": null
    },
    "model": "auth.user",
    "pk": 382
},
{
    "fields": {
        "username": "ST09772",
        "first_name": "Didier",
        "last_name": "GOUPIL",
        "is_active": false,
        "is_superuser": false,
        "is_staff": false,
        "last_login": null,
        "groups": [],
        "user_permissions": [],
        "password": "",
        "email": "",
        "date_joined": null
    },
    "model": "auth.user",
    "pk": 383
},
{
    "fields": {
        "username": "NG0051B0",
        "first_name": "Sylvain",
        "last_name": "GUIBLAIN",
        "is_active": false,
        "is_superuser": false,
        "is_staff": false,
        "last_login": null,
        "groups": [],
        "user_permissions": [],
        "password": "",
        "email": "",
        "date_joined": null
    },
    "model": "auth.user",
    "pk": 384
},
{
    "fields": {
        "username": "ST90445",
        "first_name": "Jerome",
        "last_name": "GUIHENEUF",
        "is_active": false,
        "is_superuser": false,
        "is_staff": false,
        "last_login": null,
        "groups": [],
        "user_permissions": [],
        "password": "",
        "email": "",
        "date_joined": null
    },
    "model": "auth.user",
    "pk": 385
},
{
    "fields": {
        "username": "SU17955",
        "first_name": "Luc",
        "last_name": "GUILLERM",
        "is_active": false,
        "is_superuser": false,
        "is_staff": false,
        "last_login": null,
        "groups": [],
        "user_permissions": [],
        "password": "",
        "email": "",
        "date_joined": null
    },
    "model": "auth.user",
    "pk": 386
},
{
    "fields": {
        "username": "ST90323",
        "first_name": "Isabelle",
        "last_name": "GUYOT",
        "is_active": false,
        "is_superuser": false,
        "is_staff": false,
        "last_login": null,
        "groups": [],
        "user_permissions": [],
        "password": "",
        "email": "",
        "date_joined": null
    },
    "model": "auth.user",
    "pk": 387
},
{
    "fields": {
        "username": "NG316DE",
        "first_name": "Remi",
        "last_name": "HALLATTE",
        "is_active": false,
        "is_superuser": false,
        "is_staff": false,
        "last_login": null,
        "groups": [],
        "user_permissions": [],
        "password": "",
        "email": "",
        "date_joined": null
    },
    "model": "auth.user",
    "pk": 388
},
{
    "fields": {
        "username": "th62hv",
        "first_name": "Till",
        "last_name": "HANSSEN",
        "is_active": false,
        "is_superuser": false,
        "is_staff": false,
        "last_login": null,
        "groups": [],
        "user_permissions": [],
        "password": "",
        "email": "",
        "date_joined": null
    },
    "model": "auth.user",
    "pk": 389
},
{
    "fields": {
        "username": "tha66i",
        "first_name": "Carsten",
        "last_name": "HARLAKE",
        "is_active": false,
        "is_superuser": false,
        "is_staff": false,
        "last_login": null,
        "groups": [],
        "user_permissions": [],
        "password": "",
        "email": "",
        "date_joined": null
    },
    "model": "auth.user",
    "pk": 390
},
{
    "fields": {
        "username": "ng00acd3",
        "first_name": "Sammy",
        "last_name": "HAUENSTEIN",
        "is_active": false,
        "is_superuser": false,
        "is_staff": false,
        "last_login": null,
        "groups": [],
        "user_permissions": [],
        "password": "",
        "email": "",
        "date_joined": null
    },
    "model": "auth.user",
    "pk": 391
},
{
    "fields": {
        "username": "thb8q0",
        "first_name": "Daniel",
        "last_name": "HELD",
        "is_active": false,
        "is_superuser": false,
        "is_staff": false,
        "last_login": null,
        "groups": [],
        "user_permissions": [],
        "password": "",
        "email": "",
        "date_joined": null
    },
    "model": "auth.user",
    "pk": 392
},
{
    "fields": {
        "username": "th62th",
        "first_name": "Thomas",
        "last_name": "HENNING",
        "is_active": false,
        "is_superuser": false,
        "is_staff": false,
        "last_login": null,
        "groups": [],
        "user_permissions": [],
        "password": "",
        "email": "",
        "date_joined": null
    },
    "model": "auth.user",
    "pk": 393
},
{
    "fields": {
        "username": "ST22077",
        "first_name": "Sophie",
        "last_name": "HERAIL",
        "is_active": false,
        "is_superuser": false,
        "is_staff": false,
        "last_login": null,
        "groups": [],
        "user_permissions": [],
        "password": "",
        "email": "",
        "date_joined": null
    },
    "model": "auth.user",
    "pk": 394
},
{
    "fields": {
        "username": "NG132DC",
        "first_name": "Laurent",
        "last_name": "HERAULT",
        "is_active": false,
        "is_superuser": false,
        "is_staff": false,
        "last_login": null,
        "groups": [],
        "user_permissions": [],
        "password": "",
        "email": "",
        "date_joined": null
    },
    "model": "auth.user",
    "pk": 395
},
{
    "fields": {
        "username": "NG22C0A",
        "first_name": "Werner",
        "last_name": "HINSCH",
        "is_active": false,
        "is_superuser": false,
        "is_staff": false,
        "last_login": null,
        "groups": [],
        "user_permissions": [],
        "password": "",
        "email": "",
        "date_joined": null
    },
    "model": "auth.user",
    "pk": 396
},
{
    "fields": {
        "username": "the12h",
        "first_name": "Dieter",
        "last_name": "HOMP",
        "is_active": false,
        "is_superuser": false,
        "is_staff": false,
        "last_login": null,
        "groups": [],
        "user_permissions": [],
        "password": "",
        "email": "",
        "date_joined": null
    },
    "model": "auth.user",
    "pk": 397
},
{
    "fields": {
        "username": "NG1F1B8",
        "first_name": "Olaf",
        "last_name": "HORSTMANN",
        "is_active": true,
        "is_superuser": false,
        "is_staff": false,
        "last_login": "2014-12-04T14:01:46",
        "groups": [],
        "user_permissions": [],
        "password": "pbkdf2_sha256$12000$SNJ5uDDdiFgO$syEhYPU3GGOu2IV4C6v+6TqB2YmT1TMzYN7IV/msYT4=",
        "email": "olaf.horstmann@airbus.com",
        "date_joined": "2014-12-04T11:34:54"
    },
    "model": "auth.user",
    "pk": 398
},
{
    "fields": {
        "username": "NG38A71",
        "first_name": "Olivier",
        "last_name": "HOUDART",
        "is_active": false,
        "is_superuser": false,
        "is_staff": false,
        "last_login": null,
        "groups": [],
        "user_permissions": [],
        "password": "",
        "email": "",
        "date_joined": null
    },
    "model": "auth.user",
    "pk": 399
},
{
    "fields": {
        "username": "NG27C7C",
        "first_name": "Vincent",
        "last_name": "HOUITTE",
        "is_active": false,
        "is_superuser": false,
        "is_staff": false,
        "last_login": null,
        "groups": [],
        "user_permissions": [],
        "password": "",
        "email": "",
        "date_joined": null
    },
    "model": "auth.user",
    "pk": 400
},
{
    "fields": {
        "username": "NG1D941",
        "first_name": "Aziz",
        "last_name": "H\u00dcNER",
        "is_active": false,
        "is_superuser": false,
        "is_staff": false,
        "last_login": null,
        "groups": [],
        "user_permissions": [],
        "password": "",
        "email": "",
        "date_joined": null
    },
    "model": "auth.user",
    "pk": 401
},
{
    "fields": {
        "username": "ng146f8",
        "first_name": "Rachid",
        "last_name": "ID HAMMOU",
        "is_active": false,
        "is_superuser": false,
        "is_staff": false,
        "last_login": null,
        "groups": [],
        "user_permissions": [],
        "password": "",
        "email": "",
        "date_joined": null
    },
    "model": "auth.user",
    "pk": 402
},
{
    "fields": {
        "username": "ST22029",
        "first_name": "Phythanara",
        "last_name": "ING",
        "is_active": false,
        "is_superuser": false,
        "is_staff": false,
        "last_login": null,
        "groups": [],
        "user_permissions": [],
        "password": "",
        "email": "",
        "date_joined": null
    },
    "model": "auth.user",
    "pk": 403
},
{
    "fields": {
        "username": "thc17y",
        "first_name": "Daniel",
        "last_name": "IOAN",
        "is_active": false,
        "is_superuser": false,
        "is_staff": false,
        "last_login": null,
        "groups": [],
        "user_permissions": [],
        "password": "",
        "email": "",
        "date_joined": null
    },
    "model": "auth.user",
    "pk": 404
},
{
    "fields": {
        "username": "ST23684",
        "first_name": "Romain",
        "last_name": "JEANJEAN",
        "is_active": false,
        "is_superuser": false,
        "is_staff": false,
        "last_login": null,
        "groups": [],
        "user_permissions": [],
        "password": "",
        "email": "",
        "date_joined": null
    },
    "model": "auth.user",
    "pk": 405
},
{
    "fields": {
        "username": "ST02521",
        "first_name": "Michael",
        "last_name": "JOLLIT",
        "is_active": false,
        "is_superuser": false,
        "is_staff": false,
        "last_login": null,
        "groups": [],
        "user_permissions": [],
        "password": "",
        "email": "",
        "date_joined": null
    },
    "model": "auth.user",
    "pk": 406
},
{
    "fields": {
        "username": "ST04178",
        "first_name": "Laurent",
        "last_name": "JOSEPH",
        "is_active": false,
        "is_superuser": false,
        "is_staff": false,
        "last_login": null,
        "groups": [],
        "user_permissions": [],
        "password": "",
        "email": "",
        "date_joined": null
    },
    "model": "auth.user",
    "pk": 407
},
{
    "fields": {
        "username": "ST07608",
        "first_name": "Eric",
        "last_name": "JOSSE",
        "is_active": false,
        "is_superuser": false,
        "is_staff": false,
        "last_login": null,
        "groups": [],
        "user_permissions": [],
        "password": "",
        "email": "",
        "date_joined": null
    },
    "model": "auth.user",
    "pk": 408
},
{
    "fields": {
        "username": "NG007642",
        "first_name": "Jonathan",
        "last_name": "JOUSSE",
        "is_active": false,
        "is_superuser": false,
        "is_staff": false,
        "last_login": null,
        "groups": [],
        "user_permissions": [],
        "password": "",
        "email": "",
        "date_joined": null
    },
    "model": "auth.user",
    "pk": 409
},
{
    "fields": {
        "username": "thc1q1",
        "first_name": "S\u00f6nke",
        "last_name": "JUNG",
        "is_active": false,
        "is_superuser": false,
        "is_staff": false,
        "last_login": null,
        "groups": [],
        "user_permissions": [],
        "password": "",
        "email": "",
        "date_joined": null
    },
    "model": "auth.user",
    "pk": 410
},
{
    "fields": {
        "username": "NG1A7D4",
        "first_name": "Olivier",
        "last_name": "KARRASS",
        "is_active": false,
        "is_superuser": false,
        "is_staff": false,
        "last_login": null,
        "groups": [],
        "user_permissions": [],
        "password": "",
        "email": "",
        "date_joined": null
    },
    "model": "auth.user",
    "pk": 411
},
{
    "fields": {
        "username": "NG193C4",
        "first_name": "Meinolf",
        "last_name": "KAUP",
        "is_active": false,
        "is_superuser": false,
        "is_staff": false,
        "last_login": null,
        "groups": [],
        "user_permissions": [],
        "password": "",
        "email": "",
        "date_joined": null
    },
    "model": "auth.user",
    "pk": 412
},
{
    "fields": {
        "username": "th15xy",
        "first_name": "Seyed Hossein",
        "last_name": "KHATAMI",
        "is_active": false,
        "is_superuser": false,
        "is_staff": false,
        "last_login": null,
        "groups": [],
        "user_permissions": [],
        "password": "",
        "email": "",
        "date_joined": null
    },
    "model": "auth.user",
    "pk": 413
},
{
    "fields": {
        "username": "th62fk",
        "first_name": "Frederic",
        "last_name": "KIUNKA",
        "is_active": false,
        "is_superuser": false,
        "is_staff": false,
        "last_login": null,
        "groups": [],
        "user_permissions": [],
        "password": "",
        "email": "",
        "date_joined": null
    },
    "model": "auth.user",
    "pk": 414
},
{
    "fields": {
        "username": "NG27772",
        "first_name": "Tom",
        "last_name": "KONRAD",
        "is_active": false,
        "is_superuser": false,
        "is_staff": false,
        "last_login": null,
        "groups": [],
        "user_permissions": [],
        "password": "",
        "email": "",
        "date_joined": null
    },
    "model": "auth.user",
    "pk": 415
},
{
    "fields": {
        "username": "ng136b5",
        "first_name": "Sanjay",
        "last_name": "KULKARNI",
        "is_active": false,
        "is_superuser": false,
        "is_staff": false,
        "last_login": null,
        "groups": [],
        "user_permissions": [],
        "password": "",
        "email": "",
        "date_joined": null
    },
    "model": "auth.user",
    "pk": 416
},
{
    "fields": {
        "username": "th45k6",
        "first_name": "Andre",
        "last_name": "K\u00dcLLMER",
        "is_active": false,
        "is_superuser": false,
        "is_staff": false,
        "last_login": null,
        "groups": [],
        "user_permissions": [],
        "password": "",
        "email": "",
        "date_joined": null
    },
    "model": "auth.user",
    "pk": 417
},
{
    "fields": {
        "username": "th45ax",
        "first_name": "Selcuk",
        "last_name": "KURUN",
        "is_active": false,
        "is_superuser": false,
        "is_staff": false,
        "last_login": null,
        "groups": [],
        "user_permissions": [],
        "password": "",
        "email": "",
        "date_joined": null
    },
    "model": "auth.user",
    "pk": 418
},
{
    "fields": {
        "username": "NG1172F",
        "first_name": "Adrien",
        "last_name": "LACHAIZE",
        "is_active": false,
        "is_superuser": false,
        "is_staff": false,
        "last_login": null,
        "groups": [],
        "user_permissions": [],
        "password": "",
        "email": "",
        "date_joined": null
    },
    "model": "auth.user",
    "pk": 419
},
{
    "fields": {
        "username": "ST07935",
        "first_name": "Axel",
        "last_name": "LAGARDELLE",
        "is_active": false,
        "is_superuser": false,
        "is_staff": false,
        "last_login": null,
        "groups": [],
        "user_permissions": [],
        "password": "",
        "email": "",
        "date_joined": null
    },
    "model": "auth.user",
    "pk": 420
},
{
    "fields": {
        "username": "ST23404",
        "first_name": "Laetitia",
        "last_name": "LARTIGUE-DELAUNE",
        "is_active": false,
        "is_superuser": false,
        "is_staff": false,
        "last_login": null,
        "groups": [],
        "user_permissions": [],
        "password": "",
        "email": "",
        "date_joined": null
    },
    "model": "auth.user",
    "pk": 421
},
{
    "fields": {
        "username": "ST22078",
        "first_name": "Cecile",
        "last_name": "LE BLANC",
        "is_active": false,
        "is_superuser": false,
        "is_staff": false,
        "last_login": null,
        "groups": [],
        "user_permissions": [],
        "password": "",
        "email": "",
        "date_joined": null
    },
    "model": "auth.user",
    "pk": 422
},
{
    "fields": {
        "username": "ST39430",
        "first_name": "Ga\u00ebtan",
        "last_name": "LEGRAIS",
        "is_active": false,
        "is_superuser": false,
        "is_staff": false,
        "last_login": null,
        "groups": [],
        "user_permissions": [],
        "password": "",
        "email": "",
        "date_joined": null
    },
    "model": "auth.user",
    "pk": 423
},
{
    "fields": {
        "username": "NG007645",
        "first_name": "Florence",
        "last_name": "LEGUEVAQUES",
        "is_active": false,
        "is_superuser": false,
        "is_staff": false,
        "last_login": null,
        "groups": [],
        "user_permissions": [],
        "password": "",
        "email": "",
        "date_joined": null
    },
    "model": "auth.user",
    "pk": 424
},
{
    "fields": {
        "username": "ST93532",
        "first_name": "Julien",
        "last_name": "LEPAGE",
        "is_active": false,
        "is_superuser": false,
        "is_staff": false,
        "last_login": null,
        "groups": [],
        "user_permissions": [],
        "password": "",
        "email": "",
        "date_joined": null
    },
    "model": "auth.user",
    "pk": 425
},
{
    "fields": {
        "username": "ST07179",
        "first_name": "Albert",
        "last_name": "LEVY",
        "is_active": false,
        "is_superuser": false,
        "is_staff": false,
        "last_login": null,
        "groups": [],
        "user_permissions": [],
        "password": "",
        "email": "",
        "date_joined": null
    },
    "model": "auth.user",
    "pk": 426
},
{
    "fields": {
        "username": "ST32129",
        "first_name": "Philippe",
        "last_name": "LIMOUSY",
        "is_active": false,
        "is_superuser": false,
        "is_staff": false,
        "last_login": null,
        "groups": [],
        "user_permissions": [],
        "password": "",
        "email": "",
        "date_joined": null
    },
    "model": "auth.user",
    "pk": 427
},
{
    "fields": {
        "username": "rlloyd1",
        "first_name": "Robin",
        "last_name": "LLOYD",
        "is_active": false,
        "is_superuser": false,
        "is_staff": false,
        "last_login": null,
        "groups": [],
        "user_permissions": [],
        "password": "",
        "email": "",
        "date_joined": null
    },
    "model": "auth.user",
    "pk": 428
},
{
    "fields": {
        "username": "ST19700",
        "first_name": "Fabrice",
        "last_name": "LOTH",
        "is_active": false,
        "is_superuser": false,
        "is_staff": false,
        "last_login": null,
        "groups": [],
        "user_permissions": [],
        "password": "",
        "email": "",
        "date_joined": null
    },
    "model": "auth.user",
    "pk": 429
},
{
    "fields": {
        "username": "ST21347",
        "first_name": "Xavier",
        "last_name": "LOURS",
        "is_active": false,
        "is_superuser": false,
        "is_staff": false,
        "last_login": null,
        "groups": [],
        "user_permissions": [],
        "password": "",
        "email": "",
        "date_joined": null
    },
    "model": "auth.user",
    "pk": 430
},
{
    "fields": {
        "username": "th62lu",
        "first_name": "Florian",
        "last_name": "LUTHER",
        "is_active": false,
        "is_superuser": false,
        "is_staff": false,
        "last_login": null,
        "groups": [],
        "user_permissions": [],
        "password": "",
        "email": "",
        "date_joined": null
    },
    "model": "auth.user",
    "pk": 431
},
{
    "fields": {
        "username": "NG13DB4",
        "first_name": "Gerard",
        "last_name": "MAGNIN",
        "is_active": false,
        "is_superuser": false,
        "is_staff": false,
        "last_login": null,
        "groups": [],
        "user_permissions": [],
        "password": "",
        "email": "",
        "date_joined": null
    },
    "model": "auth.user",
    "pk": 432
},
{
    "fields": {
        "username": "PMALCOLM1",
        "first_name": "Philip",
        "last_name": "MALCOLM",
        "is_active": false,
        "is_superuser": false,
        "is_staff": false,
        "last_login": null,
        "groups": [],
        "user_permissions": [],
        "password": "",
        "email": "",
        "date_joined": null
    },
    "model": "auth.user",
    "pk": 433
},
{
    "fields": {
        "username": "NG007250",
        "first_name": "Marie",
        "last_name": "MARESCHAL DE CHARENTENAY",
        "is_active": false,
        "is_superuser": false,
        "is_staff": false,
        "last_login": null,
        "groups": [],
        "user_permissions": [],
        "password": "",
        "email": "",
        "date_joined": null
    },
    "model": "auth.user",
    "pk": 434
},
{
    "fields": {
        "username": "ng383f2",
        "first_name": "Nicolas",
        "last_name": "MARTIN",
        "is_active": false,
        "is_superuser": false,
        "is_staff": false,
        "last_login": null,
        "groups": [],
        "user_permissions": [],
        "password": "",
        "email": "",
        "date_joined": null
    },
    "model": "auth.user",
    "pk": 435
},
{
    "fields": {
        "username": "ts8996",
        "first_name": "Helmut",
        "last_name": "MAYER",
        "is_active": false,
        "is_superuser": false,
        "is_staff": false,
        "last_login": null,
        "groups": [],
        "user_permissions": [],
        "password": "",
        "email": "",
        "date_joined": null
    },
    "model": "auth.user",
    "pk": 436
},
{
    "fields": {
        "username": "JMCCAFFERTY1",
        "first_name": "James",
        "last_name": "MCCAFFERTY",
        "is_active": false,
        "is_superuser": false,
        "is_staff": false,
        "last_login": null,
        "groups": [],
        "user_permissions": [],
        "password": "",
        "email": "",
        "date_joined": null
    },
    "model": "auth.user",
    "pk": 437
},
{
    "fields": {
        "username": "th75e2",
        "first_name": "Norman",
        "last_name": "MENSING",
        "is_active": false,
        "is_superuser": false,
        "is_staff": false,
        "last_login": null,
        "groups": [],
        "user_permissions": [],
        "password": "",
        "email": "",
        "date_joined": null
    },
    "model": "auth.user",
    "pk": 438
},
{
    "fields": {
        "username": "ST11209",
        "first_name": "Mickael",
        "last_name": "MIGNE",
        "is_active": false,
        "is_superuser": false,
        "is_staff": false,
        "last_login": null,
        "groups": [],
        "user_permissions": [],
        "password": "",
        "email": "",
        "date_joined": null
    },
    "model": "auth.user",
    "pk": 439
},
{
    "fields": {
        "username": "th15cy",
        "first_name": "Ralf",
        "last_name": "MILBRADT",
        "is_active": false,
        "is_superuser": false,
        "is_staff": false,
        "last_login": null,
        "groups": [],
        "user_permissions": [],
        "password": "",
        "email": "",
        "date_joined": null
    },
    "model": "auth.user",
    "pk": 440
},
{
    "fields": {
        "username": "NG1283C",
        "first_name": "Christopher",
        "last_name": "MILTON-CLARK",
        "is_active": false,
        "is_superuser": false,
        "is_staff": false,
        "last_login": null,
        "groups": [],
        "user_permissions": [],
        "password": "",
        "email": "",
        "date_joined": null
    },
    "model": "auth.user",
    "pk": 441
},
{
    "fields": {
        "username": "thb1z1",
        "first_name": "Thomas",
        "last_name": "MOHR",
        "is_active": false,
        "is_superuser": false,
        "is_staff": false,
        "last_login": null,
        "groups": [],
        "user_permissions": [],
        "password": "",
        "email": "",
        "date_joined": null
    },
    "model": "auth.user",
    "pk": 442
},
{
    "fields": {
        "username": "ST07434",
        "first_name": "Sophie",
        "last_name": "MOLINA",
        "is_active": false,
        "is_superuser": false,
        "is_staff": false,
        "last_login": null,
        "groups": [],
        "user_permissions": [],
        "password": "",
        "email": "",
        "date_joined": null
    },
    "model": "auth.user",
    "pk": 443
},
{
    "fields": {
        "username": "th62re",
        "first_name": "Reinhard",
        "last_name": "M\u00d6LLER",
        "is_active": false,
        "is_superuser": false,
        "is_staff": false,
        "last_login": null,
        "groups": [],
        "user_permissions": [],
        "password": "",
        "email": "",
        "date_joined": null
    },
    "model": "auth.user",
    "pk": 444
},
{
    "fields": {
        "username": "ST20815",
        "first_name": "Julie",
        "last_name": "MONERON IDBIHI",
        "is_active": false,
        "is_superuser": false,
        "is_staff": false,
        "last_login": null,
        "groups": [],
        "user_permissions": [],
        "password": "",
        "email": "",
        "date_joined": null
    },
    "model": "auth.user",
    "pk": 445
},
{
    "fields": {
        "username": "NG19CDE",
        "first_name": "Loic",
        "last_name": "MONTREAL",
        "is_active": false,
        "is_superuser": false,
        "is_staff": false,
        "last_login": null,
        "groups": [],
        "user_permissions": [],
        "password": "",
        "email": "",
        "date_joined": null
    },
    "model": "auth.user",
    "pk": 446
},
{
    "fields": {
        "username": "ST33342",
        "first_name": "Bruno",
        "last_name": "MOREAU",
        "is_active": false,
        "is_superuser": false,
        "is_staff": false,
        "last_login": null,
        "groups": [],
        "user_permissions": [],
        "password": "",
        "email": "",
        "date_joined": null
    },
    "model": "auth.user",
    "pk": 447
},
{
    "fields": {
        "username": "ST97470",
        "first_name": "Joel",
        "last_name": "MOREAU",
        "is_active": false,
        "is_superuser": false,
        "is_staff": false,
        "last_login": null,
        "groups": [],
        "user_permissions": [],
        "password": "",
        "email": "",
        "date_joined": null
    },
    "model": "auth.user",
    "pk": 448
},
{
    "fields": {
        "username": "ST22069",
        "first_name": "Frederic",
        "last_name": "MOUREU",
        "is_active": false,
        "is_superuser": false,
        "is_staff": false,
        "last_login": null,
        "groups": [],
        "user_permissions": [],
        "password": "",
        "email": "",
        "date_joined": null
    },
    "model": "auth.user",
    "pk": 449
},
{
    "fields": {
        "username": "ng10941",
        "first_name": "Jyothis Vikraman",
        "last_name": "NAIR",
        "is_active": false,
        "is_superuser": false,
        "is_staff": false,
        "last_login": null,
        "groups": [],
        "user_permissions": [],
        "password": "",
        "email": "",
        "date_joined": null
    },
    "model": "auth.user",
    "pk": 450
},
{
    "fields": {
        "username": "ng11c3c",
        "first_name": "Philip",
        "last_name": "NAUMES",
        "is_active": false,
        "is_superuser": false,
        "is_staff": false,
        "last_login": null,
        "groups": [],
        "user_permissions": [],
        "password": "",
        "email": "",
        "date_joined": null
    },
    "model": "auth.user",
    "pk": 451
},
{
    "fields": {
        "username": "th62nl",
        "first_name": "Lutz",
        "last_name": "NEBENDAHL",
        "is_active": false,
        "is_superuser": false,
        "is_staff": false,
        "last_login": null,
        "groups": [],
        "user_permissions": [],
        "password": "",
        "email": "",
        "date_joined": null
    },
    "model": "auth.user",
    "pk": 452
},
{
    "fields": {
        "username": "NG22D74",
        "first_name": "Robert",
        "last_name": "NORTEY",
        "is_active": false,
        "is_superuser": false,
        "is_staff": false,
        "last_login": null,
        "groups": [],
        "user_permissions": [],
        "password": "",
        "email": "",
        "date_joined": null
    },
    "model": "auth.user",
    "pk": 453
},
{
    "fields": {
        "username": "ST01560",
        "first_name": "Hugues",
        "last_name": "ORHAN",
        "is_active": false,
        "is_superuser": false,
        "is_staff": false,
        "last_login": null,
        "groups": [],
        "user_permissions": [],
        "password": "",
        "email": "",
        "date_joined": null
    },
    "model": "auth.user",
    "pk": 454
},
{
    "fields": {
        "username": "SU18477",
        "first_name": "Kheir Eddine",
        "last_name": "OUADAH",
        "is_active": false,
        "is_superuser": false,
        "is_staff": false,
        "last_login": null,
        "groups": [],
        "user_permissions": [],
        "password": "",
        "email": "",
        "date_joined": null
    },
    "model": "auth.user",
    "pk": 455
},
{
    "fields": {
        "username": "tha4ek",
        "first_name": "Martin",
        "last_name": "P\u00c4TZ",
        "is_active": false,
        "is_superuser": false,
        "is_staff": false,
        "last_login": null,
        "groups": [],
        "user_permissions": [],
        "password": "",
        "email": "",
        "date_joined": null
    },
    "model": "auth.user",
    "pk": 456
},
{
    "fields": {
        "username": "NG1C5F9",
        "first_name": "Olivier",
        "last_name": "PAUL",
        "is_active": false,
        "is_superuser": false,
        "is_staff": false,
        "last_login": null,
        "groups": [],
        "user_permissions": [],
        "password": "",
        "email": "",
        "date_joined": null
    },
    "model": "auth.user",
    "pk": 457
},
{
    "fields": {
        "username": "NG36F2A",
        "first_name": "Rocio",
        "last_name": "PAYAN FRAILE",
        "is_active": false,
        "is_superuser": false,
        "is_staff": false,
        "last_login": null,
        "groups": [],
        "user_permissions": [],
        "password": "",
        "email": "",
        "date_joined": null
    },
    "model": "auth.user",
    "pk": 458
},
{
    "fields": {
        "username": "ST01776",
        "first_name": "Denis",
        "last_name": "PEIGNANT",
        "is_active": false,
        "is_superuser": false,
        "is_staff": false,
        "last_login": null,
        "groups": [],
        "user_permissions": [],
        "password": "",
        "email": "",
        "date_joined": null
    },
    "model": "auth.user",
    "pk": 459
},
{
    "fields": {
        "username": "ST01373",
        "first_name": "Thomas",
        "last_name": "PENOTE",
        "is_active": false,
        "is_superuser": false,
        "is_staff": false,
        "last_login": null,
        "groups": [],
        "user_permissions": [],
        "password": "",
        "email": "",
        "date_joined": null
    },
    "model": "auth.user",
    "pk": 460
},
{
    "fields": {
        "username": "ng0d995",
        "first_name": "Peter",
        "last_name": "PIECHULAK",
        "is_active": false,
        "is_superuser": false,
        "is_staff": false,
        "last_login": null,
        "groups": [],
        "user_permissions": [],
        "password": "",
        "email": "",
        "date_joined": null
    },
    "model": "auth.user",
    "pk": 461
},
{
    "fields": {
        "username": "NG15489",
        "first_name": "Anthony",
        "last_name": "PINAUD",
        "is_active": false,
        "is_superuser": false,
        "is_staff": false,
        "last_login": null,
        "groups": [],
        "user_permissions": [],
        "password": "",
        "email": "",
        "date_joined": null
    },
    "model": "auth.user",
    "pk": 462
},
{
    "fields": {
        "username": "NG0E35F",
        "first_name": "Pierre",
        "last_name": "PIOU",
        "is_active": false,
        "is_superuser": false,
        "is_staff": false,
        "last_login": null,
        "groups": [],
        "user_permissions": [],
        "password": "",
        "email": "",
        "date_joined": null
    },
    "model": "auth.user",
    "pk": 463
},
{
    "fields": {
        "username": "NG1C602",
        "first_name": "Alexandre",
        "last_name": "POMMIER",
        "is_active": false,
        "is_superuser": false,
        "is_staff": false,
        "last_login": null,
        "groups": [],
        "user_permissions": [],
        "password": "",
        "email": "",
        "date_joined": null
    },
    "model": "auth.user",
    "pk": 464
},
{
    "fields": {
        "username": "thf1h5",
        "first_name": "Swantje",
        "last_name": "PONGE",
        "is_active": false,
        "is_superuser": false,
        "is_staff": false,
        "last_login": null,
        "groups": [],
        "user_permissions": [],
        "password": "",
        "email": "",
        "date_joined": null
    },
    "model": "auth.user",
    "pk": 465
},
{
    "fields": {
        "username": "ST93073",
        "first_name": "Laurent",
        "last_name": "POUPART",
        "is_active": false,
        "is_superuser": false,
        "is_staff": false,
        "last_login": null,
        "groups": [],
        "user_permissions": [],
        "password": "",
        "email": "",
        "date_joined": null
    },
    "model": "auth.user",
    "pk": 466
},
{
    "fields": {
        "username": "ST09427",
        "first_name": "Michael",
        "last_name": "POUYANNE",
        "is_active": false,
        "is_superuser": false,
        "is_staff": false,
        "last_login": null,
        "groups": [],
        "user_permissions": [],
        "password": "",
        "email": "",
        "date_joined": null
    },
    "model": "auth.user",
    "pk": 467
},
{
    "fields": {
        "username": "NG007004",
        "first_name": "Jean Bruno",
        "last_name": "POUZALGUES",
        "is_active": false,
        "is_superuser": false,
        "is_staff": false,
        "last_login": null,
        "groups": [],
        "user_permissions": [],
        "password": "",
        "email": "",
        "date_joined": null
    },
    "model": "auth.user",
    "pk": 468
},
{
    "fields": {
        "username": "ST91725",
        "first_name": "Frederic",
        "last_name": "QUEMENER",
        "is_active": false,
        "is_superuser": false,
        "is_staff": false,
        "last_login": null,
        "groups": [],
        "user_permissions": [],
        "password": "",
        "email": "",
        "date_joined": null
    },
    "model": "auth.user",
    "pk": 469
},
{
    "fields": {
        "username": "ST26437",
        "first_name": "Olivier",
        "last_name": "RAUJOL",
        "is_active": false,
        "is_superuser": false,
        "is_staff": false,
        "last_login": null,
        "groups": [],
        "user_permissions": [],
        "password": "",
        "email": "",
        "date_joined": null
    },
    "model": "auth.user",
    "pk": 470
},
{
    "fields": {
        "username": "ST98516",
        "first_name": "Fabrice",
        "last_name": "RENAUDET",
        "is_active": false,
        "is_superuser": false,
        "is_staff": false,
        "last_login": null,
        "groups": [],
        "user_permissions": [],
        "password": "",
        "email": "",
        "date_joined": null
    },
    "model": "auth.user",
    "pk": 471
},
{
    "fields": {
        "username": "NG1172C",
        "first_name": "Matthieu",
        "last_name": "RICHARD",
        "is_active": false,
        "is_superuser": false,
        "is_staff": false,
        "last_login": null,
        "groups": [],
        "user_permissions": [],
        "password": "",
        "email": "",
        "date_joined": null
    },
    "model": "auth.user",
    "pk": 472
},
{
    "fields": {
        "username": "NG14BE8",
        "first_name": "Stephan",
        "last_name": "RICOUS",
        "is_active": false,
        "is_superuser": false,
        "is_staff": false,
        "last_login": null,
        "groups": [],
        "user_permissions": [],
        "password": "",
        "email": "",
        "date_joined": null
    },
    "model": "auth.user",
    "pk": 473
},
{
    "fields": {
        "username": "th62vs",
        "first_name": "Sandra",
        "last_name": "RIPPING",
        "is_active": false,
        "is_superuser": false,
        "is_staff": false,
        "last_login": null,
        "groups": [],
        "user_permissions": [],
        "password": "",
        "email": "",
        "date_joined": null
    },
    "model": "auth.user",
    "pk": 474
},
{
    "fields": {
        "username": "ng13e58",
        "first_name": "Raza",
        "last_name": "RIZVI",
        "is_active": false,
        "is_superuser": false,
        "is_staff": false,
        "last_login": null,
        "groups": [],
        "user_permissions": [],
        "password": "",
        "email": "",
        "date_joined": null
    },
    "model": "auth.user",
    "pk": 475
},
{
    "fields": {
        "username": "NG14516",
        "first_name": "Cedric",
        "last_name": "ROBERT",
        "is_active": false,
        "is_superuser": false,
        "is_staff": false,
        "last_login": null,
        "groups": [],
        "user_permissions": [],
        "password": "",
        "email": "",
        "date_joined": null
    },
    "model": "auth.user",
    "pk": 476
},
{
    "fields": {
        "username": "NG1125F",
        "first_name": "Hugo",
        "last_name": "ROBERT",
        "is_active": false,
        "is_superuser": false,
        "is_staff": false,
        "last_login": null,
        "groups": [],
        "user_permissions": [],
        "password": "",
        "email": "",
        "date_joined": null
    },
    "model": "auth.user",
    "pk": 477
},
{
    "fields": {
        "username": "ST91275",
        "first_name": "Stephane-J",
        "last_name": "ROBERT",
        "is_active": false,
        "is_superuser": false,
        "is_staff": false,
        "last_login": null,
        "groups": [],
        "user_permissions": [],
        "password": "",
        "email": "",
        "date_joined": null
    },
    "model": "auth.user",
    "pk": 478
},
{
    "fields": {
        "username": "ST05031",
        "first_name": "Olivier",
        "last_name": "ROCHAT",
        "is_active": false,
        "is_superuser": false,
        "is_staff": false,
        "last_login": null,
        "groups": [],
        "user_permissions": [],
        "password": "",
        "email": "",
        "date_joined": null
    },
    "model": "auth.user",
    "pk": 479
},
{
    "fields": {
        "username": "ST92053",
        "first_name": "Dominique",
        "last_name": "ROGER",
        "is_active": false,
        "is_superuser": false,
        "is_staff": false,
        "last_login": null,
        "groups": [],
        "user_permissions": [],
        "password": "",
        "email": "",
        "date_joined": null
    },
    "model": "auth.user",
    "pk": 480
},
{
    "fields": {
        "username": "ST09506",
        "first_name": "Cedric",
        "last_name": "ROSSONI",
        "is_active": false,
        "is_superuser": false,
        "is_staff": false,
        "last_login": null,
        "groups": [],
        "user_permissions": [],
        "password": "",
        "email": "",
        "date_joined": null
    },
    "model": "auth.user",
    "pk": 481
},
{
    "fields": {
        "username": "ST17613",
        "first_name": "Laurence",
        "last_name": "ROUMIEUX",
        "is_active": false,
        "is_superuser": false,
        "is_staff": false,
        "last_login": null,
        "groups": [],
        "user_permissions": [],
        "password": "",
        "email": "",
        "date_joined": null
    },
    "model": "auth.user",
    "pk": 482
},
{
    "fields": {
        "username": "NG19DCE",
        "first_name": "Neil",
        "last_name": "RUSHBY",
        "is_active": false,
        "is_superuser": false,
        "is_staff": false,
        "last_login": null,
        "groups": [],
        "user_permissions": [],
        "password": "",
        "email": "",
        "date_joined": null
    },
    "model": "auth.user",
    "pk": 483
},
{
    "fields": {
        "username": "NG1CBFC",
        "first_name": "Mathieu",
        "last_name": "SAINCRY",
        "is_active": false,
        "is_superuser": false,
        "is_staff": false,
        "last_login": null,
        "groups": [],
        "user_permissions": [],
        "password": "",
        "email": "",
        "date_joined": null
    },
    "model": "auth.user",
    "pk": 484
},
{
    "fields": {
        "username": "ST22823",
        "first_name": "Martial",
        "last_name": "SAINT CAST",
        "is_active": false,
        "is_superuser": false,
        "is_staff": false,
        "last_login": null,
        "groups": [],
        "user_permissions": [],
        "password": "",
        "email": "",
        "date_joined": null
    },
    "model": "auth.user",
    "pk": 485
},
{
    "fields": {
        "username": "NG1C150",
        "first_name": "Christine",
        "last_name": "SAINT LAURENS",
        "is_active": false,
        "is_superuser": false,
        "is_staff": false,
        "last_login": null,
        "groups": [],
        "user_permissions": [],
        "password": "",
        "email": "",
        "date_joined": null
    },
    "model": "auth.user",
    "pk": 486
},
{
    "fields": {
        "username": "NG107A1",
        "first_name": "Olivier",
        "last_name": "SANCHEZ",
        "is_active": false,
        "is_superuser": false,
        "is_staff": false,
        "last_login": null,
        "groups": [],
        "user_permissions": [],
        "password": "",
        "email": "",
        "date_joined": null
    },
    "model": "auth.user",
    "pk": 487
},
{
    "fields": {
        "username": "ST09479",
        "first_name": "Sylvain",
        "last_name": "SARASAR",
        "is_active": false,
        "is_superuser": false,
        "is_staff": false,
        "last_login": null,
        "groups": [],
        "user_permissions": [],
        "password": "",
        "email": "",
        "date_joined": null
    },
    "model": "auth.user",
    "pk": 488
},
{
    "fields": {
        "username": "thf1o1",
        "first_name": "Oliver",
        "last_name": "SCHUMACHER",
        "is_active": false,
        "is_superuser": false,
        "is_staff": false,
        "last_login": null,
        "groups": [],
        "user_permissions": [],
        "password": "",
        "email": "",
        "date_joined": null
    },
    "model": "auth.user",
    "pk": 489
},
{
    "fields": {
        "username": "ST12446",
        "first_name": "Kevin",
        "last_name": "SERY",
        "is_active": false,
        "is_superuser": false,
        "is_staff": false,
        "last_login": null,
        "groups": [],
        "user_permissions": [],
        "password": "",
        "email": "",
        "date_joined": null
    },
    "model": "auth.user",
    "pk": 490
},
{
    "fields": {
        "username": "NG20B13",
        "first_name": "Mark",
        "last_name": "SHEIKH",
        "is_active": false,
        "is_superuser": false,
        "is_staff": false,
        "last_login": null,
        "groups": [],
        "user_permissions": [],
        "password": "",
        "email": "",
        "date_joined": null
    },
    "model": "auth.user",
    "pk": 491
},
{
    "fields": {
        "username": "th62s3",
        "first_name": "Ayatullah Jibran",
        "last_name": "SHIDQIE",
        "is_active": false,
        "is_superuser": false,
        "is_staff": false,
        "last_login": null,
        "groups": [],
        "user_permissions": [],
        "password": "",
        "email": "",
        "date_joined": null
    },
    "model": "auth.user",
    "pk": 492
},
{
    "fields": {
        "username": "ST33784",
        "first_name": "Olivier",
        "last_name": "SOVRAN",
        "is_active": false,
        "is_superuser": false,
        "is_staff": false,
        "last_login": null,
        "groups": [],
        "user_permissions": [],
        "password": "",
        "email": "",
        "date_joined": null
    },
    "model": "auth.user",
    "pk": 493
},
{
    "fields": {
        "username": "thd1ae",
        "first_name": "Andreas",
        "last_name": "STANDFEST",
        "is_active": false,
        "is_superuser": false,
        "is_staff": false,
        "last_login": null,
        "groups": [],
        "user_permissions": [],
        "password": "",
        "email": "",
        "date_joined": null
    },
    "model": "auth.user",
    "pk": 494
},
{
    "fields": {
        "username": "th62es",
        "first_name": "Eberhard",
        "last_name": "STR\u00d6HLE",
        "is_active": false,
        "is_superuser": false,
        "is_staff": false,
        "last_login": null,
        "groups": [],
        "user_permissions": [],
        "password": "",
        "email": "",
        "date_joined": null
    },
    "model": "auth.user",
    "pk": 495
},
{
    "fields": {
        "username": "tha3sq",
        "first_name": "Lars",
        "last_name": "SYNNATZSCHKE",
        "is_active": false,
        "is_superuser": false,
        "is_staff": false,
        "last_login": null,
        "groups": [],
        "user_permissions": [],
        "password": "",
        "email": "",
        "date_joined": null
    },
    "model": "auth.user",
    "pk": 496
},
{
    "fields": {
        "username": "NG26704",
        "first_name": "Karima",
        "last_name": "TBAILI",
        "is_active": false,
        "is_superuser": false,
        "is_staff": false,
        "last_login": null,
        "groups": [],
        "user_permissions": [],
        "password": "",
        "email": "",
        "date_joined": null
    },
    "model": "auth.user",
    "pk": 497
},
{
    "fields": {
        "username": "ST90304",
        "first_name": "Francois",
        "last_name": "THEVENIN",
        "is_active": false,
        "is_superuser": false,
        "is_staff": false,
        "last_login": "2014-11-05T15:48:17",
        "groups": [],
        "user_permissions": [],
        "password": "pbkdf2_sha256$12000$dAFUII89fYKo$MM2TbhzjQHBmJSPRN37QKXwA6aPgmw+GhEhm4wPYuW8=",
        "email": "",
        "date_joined": "2014-11-05T15:48:19"
    },
    "model": "auth.user",
    "pk": 498
},
{
    "fields": {
        "username": "ST22083",
        "first_name": "Kevin",
        "last_name": "TONERIE",
        "is_active": false,
        "is_superuser": false,
        "is_staff": false,
        "last_login": null,
        "groups": [],
        "user_permissions": [],
        "password": "",
        "email": "",
        "date_joined": null
    },
    "model": "auth.user",
    "pk": 499
},
{
    "fields": {
        "username": "NG354D3",
        "first_name": "Marie Noelle",
        "last_name": "TOUCHET",
        "is_active": false,
        "is_superuser": false,
        "is_staff": false,
        "last_login": null,
        "groups": [],
        "user_permissions": [],
        "password": "",
        "email": "",
        "date_joined": null
    },
    "model": "auth.user",
    "pk": 500
},
{
    "fields": {
        "username": "ST22247",
        "first_name": "Antoine",
        "last_name": "TOULEMONT",
        "is_active": false,
        "is_superuser": false,
        "is_staff": false,
        "last_login": null,
        "groups": [],
        "user_permissions": [],
        "password": "",
        "email": "",
        "date_joined": null
    },
    "model": "auth.user",
    "pk": 501
},
{
    "fields": {
        "username": "NG35B2D",
        "first_name": "Jean Philippe",
        "last_name": "TREMEL",
        "is_active": false,
        "is_superuser": false,
        "is_staff": false,
        "last_login": null,
        "groups": [],
        "user_permissions": [],
        "password": "",
        "email": "",
        "date_joined": null
    },
    "model": "auth.user",
    "pk": 502
},
{
    "fields": {
        "username": "NG29F9C",
        "first_name": "Mathieu",
        "last_name": "TRINDADE",
        "is_active": false,
        "is_superuser": false,
        "is_staff": false,
        "last_login": null,
        "groups": [],
        "user_permissions": [],
        "password": "",
        "email": "",
        "date_joined": null
    },
    "model": "auth.user",
    "pk": 503
},
{
    "fields": {
        "username": "ST00541",
        "first_name": "Thuan",
        "last_name": "TRUONG TRUNG",
        "is_active": false,
        "is_superuser": false,
        "is_staff": false,
        "last_login": null,
        "groups": [],
        "user_permissions": [],
        "password": "",
        "email": "",
        "date_joined": null
    },
    "model": "auth.user",
    "pk": 504
},
{
    "fields": {
        "username": "NG007003",
        "first_name": "Julien",
        "last_name": "TUERY",
        "is_active": false,
        "is_superuser": false,
        "is_staff": false,
        "last_login": null,
        "groups": [],
        "user_permissions": [],
        "password": "",
        "email": "",
        "date_joined": null
    },
    "model": "auth.user",
    "pk": 505
},
{
    "fields": {
        "username": "ST33341",
        "first_name": "Guillaume",
        "last_name": "TURIN",
        "is_active": false,
        "is_superuser": false,
        "is_staff": false,
        "last_login": null,
        "groups": [],
        "user_permissions": [],
        "password": "",
        "email": "",
        "date_joined": null
    },
    "model": "auth.user",
    "pk": 506
},
{
    "fields": {
        "username": "ST07084",
        "first_name": "Daniel",
        "last_name": "VALAT",
        "is_active": false,
        "is_superuser": false,
        "is_staff": false,
        "last_login": null,
        "groups": [],
        "user_permissions": [],
        "password": "",
        "email": "",
        "date_joined": null
    },
    "model": "auth.user",
    "pk": 507
},
{
    "fields": {
        "username": "thf1vd",
        "first_name": "D\u00f6rthe",
        "last_name": "VOIGT",
        "is_active": false,
        "is_superuser": false,
        "is_staff": false,
        "last_login": null,
        "groups": [],
        "user_permissions": [],
        "password": "",
        "email": "",
        "date_joined": null
    },
    "model": "auth.user",
    "pk": 508
},
{
    "fields": {
        "username": "thb7w6",
        "first_name": "Karsten",
        "last_name": "WALTER",
        "is_active": false,
        "is_superuser": false,
        "is_staff": false,
        "last_login": null,
        "groups": [],
        "user_permissions": [],
        "password": "",
        "email": "",
        "date_joined": null
    },
    "model": "auth.user",
    "pk": 509
},
{
    "fields": {
        "username": "th45wf",
        "first_name": "Frank",
        "last_name": "WEHMEIER",
        "is_active": false,
        "is_superuser": false,
        "is_staff": false,
        "last_login": null,
        "groups": [],
        "user_permissions": [],
        "password": "",
        "email": "",
        "date_joined": null
    },
    "model": "auth.user",
    "pk": 510
},
{
    "fields": {
        "username": "ts87w0",
        "first_name": "Martin",
        "last_name": "WILLITZKAT",
        "is_active": false,
        "is_superuser": false,
        "is_staff": false,
        "last_login": null,
        "groups": [],
        "user_permissions": [],
        "password": "",
        "email": "",
        "date_joined": null
    },
    "model": "auth.user",
    "pk": 511
},
{
    "fields": {
        "username": "thd13a",
        "first_name": "Morena",
        "last_name": "WUDKE",
        "is_active": false,
        "is_superuser": false,
        "is_staff": false,
        "last_login": null,
        "groups": [],
        "user_permissions": [],
        "password": "",
        "email": "",
        "date_joined": null
    },
    "model": "auth.user",
    "pk": 512
},
{
    "fields": {
        "username": "thc13o",
        "first_name": "Ilyas",
        "last_name": "ZARIFOGLU",
        "is_active": false,
        "is_superuser": false,
        "is_staff": false,
        "last_login": null,
        "groups": [],
        "user_permissions": [],
        "password": "",
        "email": "",
        "date_joined": null
    },
    "model": "auth.user",
    "pk": 513
},
{
    "fields": {
        "username": "thb1qc",
        "first_name": "Lars",
        "last_name": "ZILLMER",
        "is_active": false,
        "is_superuser": false,
        "is_staff": false,
        "last_login": null,
        "groups": [],
        "user_permissions": [],
        "password": "",
        "email": "",
        "date_joined": null
    },
    "model": "auth.user",
    "pk": 514
},
{
    "fields": {
        "username": "ST90418",
        "first_name": "Patrick",
        "last_name": "ZUPPINGER",
        "is_active": false,
        "is_superuser": false,
        "is_staff": false,
        "last_login": null,
        "groups": [],
        "user_permissions": [],
        "password": "",
        "email": "",
        "date_joined": null
    },
    "model": "auth.user",
    "pk": 515
},
{
    "fields": {
        "username": "st25783",
        "first_name": "Johan",
        "last_name": "GAUTHIER",
        "is_active": true,
        "is_superuser": false,
        "is_staff": false,
        "last_login": "2014-11-24T12:13:40",
        "groups": [],
        "user_permissions": [],
        "password": "pbkdf2_sha256$12000$umcK59TZuvKT$UeruJdmWXlVZf4uM6Gbp4t4pIG85ftfUs6IeKBLDNpA=",
        "email": "",
        "date_joined": "2014-11-24T12:13:40"
    },
    "model": "auth.user",
    "pk": 558
},
{
    "fields": {
        "username": "ST36727",
        "first_name": "Pierre",
        "last_name": "NELKIN",
        "is_active": true,
        "is_superuser": false,
        "is_staff": false,
        "last_login": "2014-12-04T14:02:29",
        "groups": [],
        "user_permissions": [],
        "password": "pbkdf2_sha256$12000$TTdLgNZe3buv$5+cTPgUoeArrqpLzb76UdFQukcmf1bGp3xH4BUdtmeU=",
        "email": "",
        "date_joined": "2014-12-04T14:02:29"
    },
    "model": "auth.user",
    "pk": 559
},
{
    "fields": {
        "username": "ng009ace",
        "first_name": "Laurence",
        "last_name": "PELLESCHI",
        "is_active": true,
        "is_superuser": false,
        "is_staff": false,
        "last_login": "2015-01-12T14:29:32",
        "groups": [
            1,
            2
        ],
        "user_permissions": [],
        "password": "pbkdf2_sha256$12000$qjSpblzl7JIc$5tdmEIqPn5oQcBelkSdKgQFU1R7BK0IlOaabYXZ2cuE=",
        "email": "",
        "date_joined": "2015-01-12T14:28:15"
    },
    "model": "auth.user",
    "pk": 560
},
{
    "fields": {
        "username": "ng1c5fe",
        "first_name": "Anne",
        "last_name": "THURIES",
        "is_active": true,
        "is_superuser": false,
        "is_staff": false,
        "last_login": "2015-01-12T14:33:19",
        "groups": [
            1,
            2
        ],
        "user_permissions": [],
        "password": "pbkdf2_sha256$12000$U72mxN2Uh6qg$G7Qwoq/O6ND/A1HKhV4IcAHSiX0MQM+H8tBQT4NEeUw=",
        "email": "",
        "date_joined": "2015-01-12T14:32:03"
    },
    "model": "auth.user",
    "pk": 561
},
{
    "fields": {
        "comment": "Replacement of leaving employee (Raquel)",
        "user_url": "",
        "submit_date": "2014-12-19T13:12:11",
        "ip_address": "127.0.0.1",
        "object_pk": "18",
        "site": 1,
        "is_removed": false,
        "user": 1,
        "content_type": 26,
        "is_public": true,
        "user_name": "Guillaume DE BURE",
        "user_email": "guillaume.debure@airbus.com"
    },
    "model": "django_comments.comment",
    "pk": 1
},
{
    "fields": {
        "comment": "Pascal says it's not cancelled yet",
        "user_url": "",
        "submit_date": "2014-12-19T14:16:47",
        "ip_address": "127.0.0.1",
        "object_pk": "8",
        "site": 1,
        "is_removed": false,
        "user": 1,
        "content_type": 26,
        "is_public": true,
        "user_name": "Guillaume DE BURE",
        "user_email": "guillaume.debure@airbus.com"
    },
    "model": "django_comments.comment",
    "pk": 2
},
{
    "fields": {
        "comment": "Ramp down, no need to replace",
        "user_url": "",
        "submit_date": "2015-01-14T08:51:25",
        "ip_address": "44.4.165.224",
        "object_pk": "20",
        "site": 1,
        "is_removed": false,
        "user": 1,
        "content_type": 26,
        "is_public": true,
        "user_name": "Guillaume DE BURE",
        "user_email": "guillaume.debure@airbus.com"
    },
    "model": "django_comments.comment",
    "pk": 4
},
{
    "fields": {
        "comment": "Recruitment ongoing, no internal solution",
        "user_url": "",
        "submit_date": "2015-01-15T11:06:46",
        "ip_address": "127.0.0.1",
        "object_pk": "24",
        "site": 1,
        "is_removed": false,
        "user": 1,
        "content_type": 26,
        "is_public": true,
        "user_name": "Guillaume DE BURE",
        "user_email": "guillaume.debure@airbus.com"
    },
    "model": "django_comments.comment",
    "pk": 5
},
{
    "fields": {
        "comment": "Urgent replacement of Sylvie Bosque",
        "user_url": "",
        "submit_date": "2015-01-15T11:22:20",
        "ip_address": "127.0.0.1",
        "object_pk": "23",
        "site": 1,
        "is_removed": false,
        "user": 1,
        "content_type": 26,
        "is_public": true,
        "user_name": "Guillaume DE BURE",
        "user_email": "guillaume.debure@airbus.com"
    },
    "model": "django_comments.comment",
    "pk": 6
},
{
    "fields": {
        "comment": "Profile to be sent to customer",
        "user_url": "",
        "submit_date": "2015-01-15T16:55:09",
        "ip_address": "44.4.165.224",
        "object_pk": "82",
        "site": 1,
        "is_removed": false,
        "user": 1,
        "content_type": 27,
        "is_public": true,
        "user_name": "Guillaume DE BURE",
        "user_email": "guillaume.debure@airbus.com"
    },
    "model": "django_comments.comment",
    "pk": 7
},
{
    "fields": {
        "comment": "Start on 17th of January :)",
        "user_url": "",
        "submit_date": "2015-01-15T17:36:18",
        "ip_address": "44.4.165.224",
        "object_pk": "82",
        "site": 1,
        "is_removed": false,
        "user": 1,
        "content_type": 27,
        "is_public": true,
        "user_name": "Guillaume DE BURE",
        "user_email": "guillaume.debure@airbus.com"
    },
    "model": "django_comments.comment",
    "pk": 8
},
{
    "fields": {
        "comment": "DtC Ramp down, no longer needed",
        "user_url": "",
        "submit_date": "2015-01-16T10:50:28",
        "ip_address": "44.4.165.224",
        "object_pk": "65",
        "site": 1,
        "is_removed": false,
        "user": 1,
        "content_type": 27,
        "is_public": true,
        "user_name": "Guillaume DE BURE",
        "user_email": "guillaume.debure@airbus.com"
    },
    "model": "django_comments.comment",
    "pk": 9
},
{
    "fields": {
        "comment": "DtC ramp down, no longer needed",
        "user_url": "",
        "submit_date": "2015-01-16T10:50:54",
        "ip_address": "44.4.165.224",
        "object_pk": "66",
        "site": 1,
        "is_removed": false,
        "user": 1,
        "content_type": 27,
        "is_public": true,
        "user_name": "Guillaume DE BURE",
        "user_email": "guillaume.debure@airbus.com"
    },
    "model": "django_comments.comment",
    "pk": 10
},
{
    "fields": {
        "comment": "",
        "date_created": "2014-01-20T15:31:37",
        "manager_slug": "default",
        "user": 1
    },
    "model": "reversion.revision",
    "pk": 1
},
{
    "fields": {
        "comment": "",
        "date_created": "2014-01-20T15:56:10",
        "manager_slug": "default",
        "user": 1
    },
    "model": "reversion.revision",
    "pk": 2
},
{
    "fields": {
        "comment": "",
        "date_created": "2014-01-20T16:02:22",
        "manager_slug": "default",
        "user": 1
    },
    "model": "reversion.revision",
    "pk": 3
},
{
    "fields": {
        "comment": "",
        "date_created": "2014-01-20T16:03:05",
        "manager_slug": "default",
        "user": 1
    },
    "model": "reversion.revision",
    "pk": 4
},
{
    "fields": {
        "comment": "",
        "date_created": "2014-01-20T16:03:30",
        "manager_slug": "default",
        "user": 1
    },
    "model": "reversion.revision",
    "pk": 5
},
{
    "fields": {
        "comment": "",
        "date_created": "2014-01-20T16:05:55",
        "manager_slug": "default",
        "user": 1
    },
    "model": "reversion.revision",
    "pk": 6
},
{
    "fields": {
        "comment": "",
        "date_created": "2014-01-20T16:06:31",
        "manager_slug": "default",
        "user": 1
    },
    "model": "reversion.revision",
    "pk": 7
},
{
    "fields": {
        "comment": "",
        "date_created": "2014-01-20T16:07:06",
        "manager_slug": "default",
        "user": 1
    },
    "model": "reversion.revision",
    "pk": 8
},
{
    "fields": {
        "comment": "",
        "date_created": "2014-01-20T16:07:40",
        "manager_slug": "default",
        "user": 1
    },
    "model": "reversion.revision",
    "pk": 9
},
{
    "fields": {
        "comment": "",
        "date_created": "2014-01-20T16:08:08",
        "manager_slug": "default",
        "user": 1
    },
    "model": "reversion.revision",
    "pk": 10
},
{
    "fields": {
        "comment": "",
        "date_created": "2014-01-20T16:08:36",
        "manager_slug": "default",
        "user": 1
    },
    "model": "reversion.revision",
    "pk": 11
},
{
    "fields": {
        "comment": "",
        "date_created": "2014-01-20T16:09:10",
        "manager_slug": "default",
        "user": 1
    },
    "model": "reversion.revision",
    "pk": 12
},
{
    "fields": {
        "comment": "",
        "date_created": "2014-01-20T16:09:37",
        "manager_slug": "default",
        "user": 1
    },
    "model": "reversion.revision",
    "pk": 13
},
{
    "fields": {
        "comment": "",
        "date_created": "2014-01-20T16:11:41",
        "manager_slug": "default",
        "user": 1
    },
    "model": "reversion.revision",
    "pk": 14
},
{
    "fields": {
        "comment": "",
        "date_created": "2014-01-20T16:12:11",
        "manager_slug": "default",
        "user": 1
    },
    "model": "reversion.revision",
    "pk": 15
},
{
    "fields": {
        "comment": "",
        "date_created": "2014-01-20T16:12:32",
        "manager_slug": "default",
        "user": 1
    },
    "model": "reversion.revision",
    "pk": 16
},
{
    "fields": {
        "comment": "",
        "date_created": "2014-01-20T16:12:53",
        "manager_slug": "default",
        "user": 1
    },
    "model": "reversion.revision",
    "pk": 17
},
{
    "fields": {
        "comment": "",
        "date_created": "2014-01-20T16:13:14",
        "manager_slug": "default",
        "user": 1
    },
    "model": "reversion.revision",
    "pk": 18
},
{
    "fields": {
        "comment": "",
        "date_created": "2014-01-20T16:13:44",
        "manager_slug": "default",
        "user": 1
    },
    "model": "reversion.revision",
    "pk": 19
},
{
    "fields": {
        "comment": "",
        "date_created": "2014-01-20T16:14:01",
        "manager_slug": "default",
        "user": 1
    },
    "model": "reversion.revision",
    "pk": 20
},
{
    "fields": {
        "comment": "",
        "date_created": "2014-01-20T16:14:57",
        "manager_slug": "default",
        "user": 1
    },
    "model": "reversion.revision",
    "pk": 21
},
{
    "fields": {
        "comment": "",
        "date_created": "2014-01-20T16:15:20",
        "manager_slug": "default",
        "user": 1
    },
    "model": "reversion.revision",
    "pk": 22
},
{
    "fields": {
        "comment": "",
        "date_created": "2014-01-20T16:15:43",
        "manager_slug": "default",
        "user": 1
    },
    "model": "reversion.revision",
    "pk": 23
},
{
    "fields": {
        "comment": "",
        "date_created": "2014-01-20T16:16:11",
        "manager_slug": "default",
        "user": 1
    },
    "model": "reversion.revision",
    "pk": 24
},
{
    "fields": {
        "comment": "",
        "date_created": "2014-01-20T16:16:46",
        "manager_slug": "default",
        "user": 1
    },
    "model": "reversion.revision",
    "pk": 25
},
{
    "fields": {
        "comment": "",
        "date_created": "2014-01-20T16:17:02",
        "manager_slug": "default",
        "user": 1
    },
    "model": "reversion.revision",
    "pk": 26
},
{
    "fields": {
        "comment": "",
        "date_created": "2014-01-20T16:17:13",
        "manager_slug": "default",
        "user": 1
    },
    "model": "reversion.revision",
    "pk": 27
},
{
    "fields": {
        "comment": "",
        "date_created": "2015-01-12T15:04:43",
        "manager_slug": "default",
        "user": 1
    },
    "model": "reversion.revision",
    "pk": 28
},
{
    "fields": {
        "status": "S",
        "siglum": "BD",
        "category": "H",
        "user": 1
    },
    "model": "users.employee",
    "pk": 1
},
{
    "fields": {
        "status": "P",
        "siglum": "BD4",
        "category": "L",
        "user": 2
    },
    "model": "users.employee",
    "pk": 2
},
{
    "fields": {
        "status": "P",
        "siglum": "BD4",
        "category": "N",
        "user": 6
    },
    "model": "users.employee",
    "pk": 3
},
{
    "fields": {
        "status": "P",
        "siglum": "BD3",
        "category": "G",
        "user": 3
    },
    "model": "users.employee",
    "pk": 4
},
{
    "fields": {
        "status": "P",
        "siglum": "BD6",
        "category": "F",
        "user": 5
    },
    "model": "users.employee",
    "pk": 5
},
{
    "fields": {
        "status": "S",
        "siglum": "BD2",
        "category": "N",
        "user": 4
    },
    "model": "users.employee",
    "pk": 6
},
{
    "fields": {
        "status": "S",
        "siglum": "S",
        "category": null,
        "user": 7
    },
    "model": "users.employee",
    "pk": 7
},
{
    "fields": {
        "status": "P",
        "siglum": "BD1",
        "category": "E",
        "user": 8
    },
    "model": "users.employee",
    "pk": 8
},
{
    "fields": {
        "status": "P",
        "siglum": "BD2",
        "category": "K",
        "user": 9
    },
    "model": "users.employee",
    "pk": 9
},
{
    "fields": {
        "status": "P",
        "siglum": "BD5",
        "category": "D",
        "user": 10
    },
    "model": "users.employee",
    "pk": 10
},
{
    "fields": {
        "status": "S",
        "siglum": "BE2",
        "category": "G",
        "user": 11
    },
    "model": "users.employee",
    "pk": 11
},
{
    "fields": {
        "status": "P",
        "siglum": "BM2",
        "category": "E",
        "user": 12
    },
    "model": "users.employee",
    "pk": 12
},
{
    "fields": {
        "status": "P",
        "siglum": "BM1",
        "category": "D",
        "user": 13
    },
    "model": "users.employee",
    "pk": 13
},
{
    "fields": {
        "status": "P",
        "siglum": "BA1",
        "category": "D",
        "user": 14
    },
    "model": "users.employee",
    "pk": 14
},
{
    "fields": {
        "status": "I",
        "siglum": "BD3",
        "category": "C",
        "user": 15
    },
    "model": "users.employee",
    "pk": 15
},
{
    "fields": {
        "status": "P",
        "siglum": "BD3",
        "category": "D",
        "user": 17
    },
    "model": "users.employee",
    "pk": 17
},
{
    "fields": {
        "status": "I",
        "siglum": "BA5",
        "category": "G",
        "user": 18
    },
    "model": "users.employee",
    "pk": 18
},
{
    "fields": {
        "status": "P",
        "siglum": "BD3",
        "category": "C",
        "user": 19
    },
    "model": "users.employee",
    "pk": 19
},
{
    "fields": {
        "status": "S",
        "siglum": "HR",
        "category": null,
        "user": 20
    },
    "model": "users.employee",
    "pk": 20
},
{
    "fields": {
        "status": "P",
        "siglum": "BE2",
        "category": "D",
        "user": 21
    },
    "model": "users.employee",
    "pk": 21
},
{
    "fields": {
        "status": "I",
        "siglum": "BE3",
        "category": "F",
        "user": 22
    },
    "model": "users.employee",
    "pk": 22
},
{
    "fields": {
        "status": "P",
        "siglum": "BM2",
        "category": "B",
        "user": 23
    },
    "model": "users.employee",
    "pk": 23
},
{
    "fields": {
        "status": "P",
        "siglum": "BM2",
        "category": "D",
        "user": 24
    },
    "model": "users.employee",
    "pk": 24
},
{
    "fields": {
        "status": "P",
        "siglum": "BM2",
        "category": "D",
        "user": 25
    },
    "model": "users.employee",
    "pk": 25
},
{
    "fields": {
        "status": "P",
        "siglum": "BD6",
        "category": "E",
        "user": 26
    },
    "model": "users.employee",
    "pk": 26
},
{
    "fields": {
        "status": "P",
        "siglum": "BM2",
        "category": "B",
        "user": 27
    },
    "model": "users.employee",
    "pk": 27
},
{
    "fields": {
        "status": "P",
        "siglum": "BD1",
        "category": "C",
        "user": 28
    },
    "model": "users.employee",
    "pk": 28
},
{
    "fields": {
        "status": "P",
        "siglum": "BD5",
        "category": "C",
        "user": 29
    },
    "model": "users.employee",
    "pk": 29
},
{
    "fields": {
        "status": "P",
        "siglum": "BD1",
        "category": "E",
        "user": 30
    },
    "model": "users.employee",
    "pk": 30
},
{
    "fields": {
        "status": "P",
        "siglum": "BD3",
        "category": "C",
        "user": 31
    },
    "model": "users.employee",
    "pk": 31
},
{
    "fields": {
        "status": "P",
        "siglum": "BE5",
        "category": "F",
        "user": 32
    },
    "model": "users.employee",
    "pk": 32
},
{
    "fields": {
        "status": "P",
        "siglum": "BM4",
        "category": "D",
        "user": 33
    },
    "model": "users.employee",
    "pk": 33
},
{
    "fields": {
        "status": "P",
        "siglum": "BE5",
        "category": "E",
        "user": 34
    },
    "model": "users.employee",
    "pk": 34
},
{
    "fields": {
        "status": "P",
        "siglum": "BA1",
        "category": "H",
        "user": 35
    },
    "model": "users.employee",
    "pk": 35
},
{
    "fields": {
        "status": "P",
        "siglum": "BA1",
        "category": "H",
        "user": 36
    },
    "model": "users.employee",
    "pk": 36
},
{
    "fields": {
        "status": "I",
        "siglum": "BE6",
        "category": "F",
        "user": 37
    },
    "model": "users.employee",
    "pk": 37
},
{
    "fields": {
        "status": "P",
        "siglum": "BE3",
        "category": "D",
        "user": 38
    },
    "model": "users.employee",
    "pk": 38
},
{
    "fields": {
        "status": "P",
        "siglum": "BE2",
        "category": "D",
        "user": 39
    },
    "model": "users.employee",
    "pk": 39
},
{
    "fields": {
        "status": "I",
        "siglum": "BD4",
        "category": null,
        "user": 40
    },
    "model": "users.employee",
    "pk": 40
},
{
    "fields": {
        "status": "I",
        "siglum": "BM3",
        "category": "N",
        "user": 41
    },
    "model": "users.employee",
    "pk": 41
},
{
    "fields": {
        "status": "P",
        "siglum": "BE1",
        "category": "L",
        "user": 42
    },
    "model": "users.employee",
    "pk": 42
},
{
    "fields": {
        "status": "P",
        "siglum": "BE1",
        "category": "L",
        "user": 43
    },
    "model": "users.employee",
    "pk": 43
},
{
    "fields": {
        "status": "S",
        "siglum": "BE5",
        "category": "G",
        "user": 44
    },
    "model": "users.employee",
    "pk": 44
},
{
    "fields": {
        "status": "S",
        "siglum": "BD",
        "category": "",
        "user": 45
    },
    "model": "users.employee",
    "pk": 46
},
{
    "fields": {
        "status": "P",
        "siglum": "WTI",
        "category": "F",
        "user": 46
    },
    "model": "users.employee",
    "pk": 47
},
{
    "fields": {
        "status": "P",
        "siglum": "BM1",
        "category": "C",
        "user": 47
    },
    "model": "users.employee",
    "pk": 48
},
{
    "fields": {
        "status": "P",
        "siglum": "BA3",
        "category": "F",
        "user": 303
    },
    "model": "users.employee",
    "pk": 50
},
{
    "fields": {
        "status": "P",
        "siglum": "BD2",
        "category": "L",
        "user": 304
    },
    "model": "users.employee",
    "pk": 51
},
{
    "fields": {
        "status": "P",
        "siglum": "BA3",
        "category": "G",
        "user": 305
    },
    "model": "users.employee",
    "pk": 52
},
{
    "fields": {
        "status": "P",
        "siglum": "BA5",
        "category": "E",
        "user": 306
    },
    "model": "users.employee",
    "pk": 53
},
{
    "fields": {
        "status": "P",
        "siglum": "BD5",
        "category": "A",
        "user": 307
    },
    "model": "users.employee",
    "pk": 54
},
{
    "fields": {
        "status": "P",
        "siglum": "BA3",
        "category": "D",
        "user": 308
    },
    "model": "users.employee",
    "pk": 55
},
{
    "fields": {
        "status": "P",
        "siglum": "BE3",
        "category": "M",
        "user": 309
    },
    "model": "users.employee",
    "pk": 56
},
{
    "fields": {
        "status": "P",
        "siglum": "BM4",
        "category": "B",
        "user": 310
    },
    "model": "users.employee",
    "pk": 57
},
{
    "fields": {
        "status": "P",
        "siglum": "BD6",
        "category": "B",
        "user": 311
    },
    "model": "users.employee",
    "pk": 58
},
{
    "fields": {
        "status": "P",
        "siglum": "BE2",
        "category": "B",
        "user": 312
    },
    "model": "users.employee",
    "pk": 59
},
{
    "fields": {
        "status": "P",
        "siglum": "BE6",
        "category": "C",
        "user": 313
    },
    "model": "users.employee",
    "pk": 60
},
{
    "fields": {
        "status": "P",
        "siglum": "BA3",
        "category": "E",
        "user": 314
    },
    "model": "users.employee",
    "pk": 61
},
{
    "fields": {
        "status": "P",
        "siglum": "BD5",
        "category": "B",
        "user": 315
    },
    "model": "users.employee",
    "pk": 62
},
{
    "fields": {
        "status": "P",
        "siglum": "BM1",
        "category": "C",
        "user": 316
    },
    "model": "users.employee",
    "pk": 63
},
{
    "fields": {
        "status": "I",
        "siglum": "BA1",
        "category": "E",
        "user": 317
    },
    "model": "users.employee",
    "pk": 64
},
{
    "fields": {
        "status": "I",
        "siglum": "BE5",
        "category": "D",
        "user": 318
    },
    "model": "users.employee",
    "pk": 65
},
{
    "fields": {
        "status": "P",
        "siglum": "BD1",
        "category": "D",
        "user": 319
    },
    "model": "users.employee",
    "pk": 66
},
{
    "fields": {
        "status": "P",
        "siglum": "BE2",
        "category": "E",
        "user": 320
    },
    "model": "users.employee",
    "pk": 67
},
{
    "fields": {
        "status": "I",
        "siglum": "BM3",
        "category": "J",
        "user": 321
    },
    "model": "users.employee",
    "pk": 68
},
{
    "fields": {
        "status": "I",
        "siglum": "BM3",
        "category": "J",
        "user": 322
    },
    "model": "users.employee",
    "pk": 69
},
{
    "fields": {
        "status": "P",
        "siglum": "BA1",
        "category": "D",
        "user": 323
    },
    "model": "users.employee",
    "pk": 70
},
{
    "fields": {
        "status": "P",
        "siglum": "BD7",
        "category": "L",
        "user": 324
    },
    "model": "users.employee",
    "pk": 71
},
{
    "fields": {
        "status": "P",
        "siglum": "BM2",
        "category": "E",
        "user": 325
    },
    "model": "users.employee",
    "pk": 72
},
{
    "fields": {
        "status": "P",
        "siglum": "BE2",
        "category": "C",
        "user": 326
    },
    "model": "users.employee",
    "pk": 73
},
{
    "fields": {
        "status": "P",
        "siglum": "BE1",
        "category": "K",
        "user": 327
    },
    "model": "users.employee",
    "pk": 74
},
{
    "fields": {
        "status": "P",
        "siglum": "BA3",
        "category": "C",
        "user": 328
    },
    "model": "users.employee",
    "pk": 75
},
{
    "fields": {
        "status": "P",
        "siglum": "BD5",
        "category": "D",
        "user": 329
    },
    "model": "users.employee",
    "pk": 76
},
{
    "fields": {
        "status": "P",
        "siglum": "BE3",
        "category": "G",
        "user": 330
    },
    "model": "users.employee",
    "pk": 77
},
{
    "fields": {
        "status": "P",
        "siglum": "BA5",
        "category": "E",
        "user": 331
    },
    "model": "users.employee",
    "pk": 78
},
{
    "fields": {
        "status": "P",
        "siglum": "BD4",
        "category": "J",
        "user": 332
    },
    "model": "users.employee",
    "pk": 79
},
{
    "fields": {
        "status": "P",
        "siglum": "BE2",
        "category": "D",
        "user": 333
    },
    "model": "users.employee",
    "pk": 80
},
{
    "fields": {
        "status": "P",
        "siglum": "BE7",
        "category": "L",
        "user": 334
    },
    "model": "users.employee",
    "pk": 81
},
{
    "fields": {
        "status": "P",
        "siglum": "BD4",
        "category": "M",
        "user": 335
    },
    "model": "users.employee",
    "pk": 82
},
{
    "fields": {
        "status": "P",
        "siglum": "BA1",
        "category": "E",
        "user": 336
    },
    "model": "users.employee",
    "pk": 83
},
{
    "fields": {
        "status": "P",
        "siglum": "BM1",
        "category": "B",
        "user": 337
    },
    "model": "users.employee",
    "pk": 84
},
{
    "fields": {
        "status": "P",
        "siglum": "BD1",
        "category": "D",
        "user": 338
    },
    "model": "users.employee",
    "pk": 85
},
{
    "fields": {
        "status": "P",
        "siglum": "BE2",
        "category": "C",
        "user": 339
    },
    "model": "users.employee",
    "pk": 86
},
{
    "fields": {
        "status": "P",
        "siglum": "BA1",
        "category": "H",
        "user": 340
    },
    "model": "users.employee",
    "pk": 87
},
{
    "fields": {
        "status": "P",
        "siglum": "BE7",
        "category": "F",
        "user": 341
    },
    "model": "users.employee",
    "pk": 88
},
{
    "fields": {
        "status": "P",
        "siglum": "BA3",
        "category": "E",
        "user": 342
    },
    "model": "users.employee",
    "pk": 89
},
{
    "fields": {
        "status": "P",
        "siglum": "BM4",
        "category": "D",
        "user": 343
    },
    "model": "users.employee",
    "pk": 90
},
{
    "fields": {
        "status": "P",
        "siglum": "BD6",
        "category": "E",
        "user": 344
    },
    "model": "users.employee",
    "pk": 91
},
{
    "fields": {
        "status": "P",
        "siglum": "BD6",
        "category": "A",
        "user": 345
    },
    "model": "users.employee",
    "pk": 92
},
{
    "fields": {
        "status": "P",
        "siglum": "BE2",
        "category": "G",
        "user": 346
    },
    "model": "users.employee",
    "pk": 93
},
{
    "fields": {
        "status": "P",
        "siglum": "BD5",
        "category": "A",
        "user": 347
    },
    "model": "users.employee",
    "pk": 94
},
{
    "fields": {
        "status": "P",
        "siglum": "BM1",
        "category": "A",
        "user": 348
    },
    "model": "users.employee",
    "pk": 95
},
{
    "fields": {
        "status": "P",
        "siglum": "BM1",
        "category": "D",
        "user": 349
    },
    "model": "users.employee",
    "pk": 96
},
{
    "fields": {
        "status": "P",
        "siglum": "BD3",
        "category": "B",
        "user": 350
    },
    "model": "users.employee",
    "pk": 97
},
{
    "fields": {
        "status": "P",
        "siglum": "BD3",
        "category": "A",
        "user": 351
    },
    "model": "users.employee",
    "pk": 98
},
{
    "fields": {
        "status": "P",
        "siglum": "BE7",
        "category": "S",
        "user": 352
    },
    "model": "users.employee",
    "pk": 99
},
{
    "fields": {
        "status": "P",
        "siglum": "BE6",
        "category": "A",
        "user": 353
    },
    "model": "users.employee",
    "pk": 100
},
{
    "fields": {
        "status": "P",
        "siglum": "BD3",
        "category": "A",
        "user": 354
    },
    "model": "users.employee",
    "pk": 101
},
{
    "fields": {
        "status": "P",
        "siglum": "BE5",
        "category": "C",
        "user": 355
    },
    "model": "users.employee",
    "pk": 102
},
{
    "fields": {
        "status": "P",
        "siglum": "BA1",
        "category": "E",
        "user": 356
    },
    "model": "users.employee",
    "pk": 103
},
{
    "fields": {
        "status": "P",
        "siglum": "BA1",
        "category": "G",
        "user": 357
    },
    "model": "users.employee",
    "pk": 104
},
{
    "fields": {
        "status": "P",
        "siglum": "BA1",
        "category": "C",
        "user": 358
    },
    "model": "users.employee",
    "pk": 105
},
{
    "fields": {
        "status": "P",
        "siglum": "BE1",
        "category": "J",
        "user": 359
    },
    "model": "users.employee",
    "pk": 106
},
{
    "fields": {
        "status": "P",
        "siglum": "BA5",
        "category": "S",
        "user": 360
    },
    "model": "users.employee",
    "pk": 107
},
{
    "fields": {
        "status": "P",
        "siglum": "BM1",
        "category": "D",
        "user": 361
    },
    "model": "users.employee",
    "pk": 108
},
{
    "fields": {
        "status": "P",
        "siglum": "BM3",
        "category": "J",
        "user": 362
    },
    "model": "users.employee",
    "pk": 109
},
{
    "fields": {
        "status": "P",
        "siglum": "BD7",
        "category": "K",
        "user": 363
    },
    "model": "users.employee",
    "pk": 110
},
{
    "fields": {
        "status": "I",
        "siglum": "BD7",
        "category": "K",
        "user": 364
    },
    "model": "users.employee",
    "pk": 111
},
{
    "fields": {
        "status": "P",
        "siglum": "BA1",
        "category": "E",
        "user": 365
    },
    "model": "users.employee",
    "pk": 112
},
{
    "fields": {
        "status": "P",
        "siglum": "BE5",
        "category": "E",
        "user": 366
    },
    "model": "users.employee",
    "pk": 113
},
{
    "fields": {
        "status": "P",
        "siglum": "BE1",
        "category": "L",
        "user": 367
    },
    "model": "users.employee",
    "pk": 114
},
{
    "fields": {
        "status": "P",
        "siglum": "BE4",
        "category": "K",
        "user": 368
    },
    "model": "users.employee",
    "pk": 115
},
{
    "fields": {
        "status": "P",
        "siglum": "BE6",
        "category": "L",
        "user": 369
    },
    "model": "users.employee",
    "pk": 116
},
{
    "fields": {
        "status": "P",
        "siglum": "BE2",
        "category": "A",
        "user": 370
    },
    "model": "users.employee",
    "pk": 117
},
{
    "fields": {
        "status": "P",
        "siglum": "BA5",
        "category": "G",
        "user": 371
    },
    "model": "users.employee",
    "pk": 118
},
{
    "fields": {
        "status": "P",
        "siglum": "BA5",
        "category": "E",
        "user": 372
    },
    "model": "users.employee",
    "pk": 119
},
{
    "fields": {
        "status": "P",
        "siglum": "BA3",
        "category": "E",
        "user": 373
    },
    "model": "users.employee",
    "pk": 120
},
{
    "fields": {
        "status": "P",
        "siglum": "BE4",
        "category": "L",
        "user": 375
    },
    "model": "users.employee",
    "pk": 122
},
{
    "fields": {
        "status": "P",
        "siglum": "BE3",
        "category": "F",
        "user": 376
    },
    "model": "users.employee",
    "pk": 123
},
{
    "fields": {
        "status": "P",
        "siglum": "BD5",
        "category": "B",
        "user": 377
    },
    "model": "users.employee",
    "pk": 124
},
{
    "fields": {
        "status": "P",
        "siglum": "BM1",
        "category": "G",
        "user": 378
    },
    "model": "users.employee",
    "pk": 125
},
{
    "fields": {
        "status": "P",
        "siglum": "BE4",
        "category": "K",
        "user": 379
    },
    "model": "users.employee",
    "pk": 126
},
{
    "fields": {
        "status": "P",
        "siglum": "BA4",
        "category": "J",
        "user": 380
    },
    "model": "users.employee",
    "pk": 127
},
{
    "fields": {
        "status": "P",
        "siglum": "BE2",
        "category": "F",
        "user": 381
    },
    "model": "users.employee",
    "pk": 128
},
{
    "fields": {
        "status": "P",
        "siglum": "BA4",
        "category": "L",
        "user": 382
    },
    "model": "users.employee",
    "pk": 129
},
{
    "fields": {
        "status": "P",
        "siglum": "BD1",
        "category": "E",
        "user": 383
    },
    "model": "users.employee",
    "pk": 130
},
{
    "fields": {
        "status": "P",
        "siglum": "BE6",
        "category": "D",
        "user": 384
    },
    "model": "users.employee",
    "pk": 131
},
{
    "fields": {
        "status": "P",
        "siglum": "BM1",
        "category": "B",
        "user": 385
    },
    "model": "users.employee",
    "pk": 132
},
{
    "fields": {
        "status": "P",
        "siglum": "BD5",
        "category": "F",
        "user": 386
    },
    "model": "users.employee",
    "pk": 133
},
{
    "fields": {
        "status": "P",
        "siglum": "BD5",
        "category": "E",
        "user": 387
    },
    "model": "users.employee",
    "pk": 134
},
{
    "fields": {
        "status": "P",
        "siglum": "BA5",
        "category": "C",
        "user": 388
    },
    "model": "users.employee",
    "pk": 135
},
{
    "fields": {
        "status": "P",
        "siglum": "BE1",
        "category": "K",
        "user": 389
    },
    "model": "users.employee",
    "pk": 136
},
{
    "fields": {
        "status": "P",
        "siglum": "BD2",
        "category": "K",
        "user": 390
    },
    "model": "users.employee",
    "pk": 137
},
{
    "fields": {
        "status": "P",
        "siglum": "BE6",
        "category": "K",
        "user": 391
    },
    "model": "users.employee",
    "pk": 138
},
{
    "fields": {
        "status": "P",
        "siglum": "BE1",
        "category": "K",
        "user": 392
    },
    "model": "users.employee",
    "pk": 139
},
{
    "fields": {
        "status": "P",
        "siglum": "BD2",
        "category": "L",
        "user": 393
    },
    "model": "users.employee",
    "pk": 140
},
{
    "fields": {
        "status": "P",
        "siglum": "BA1",
        "category": "F",
        "user": 394
    },
    "model": "users.employee",
    "pk": 141
},
{
    "fields": {
        "status": "P",
        "siglum": "BM4",
        "category": "C",
        "user": 395
    },
    "model": "users.employee",
    "pk": 142
},
{
    "fields": {
        "status": "P",
        "siglum": "BE4",
        "category": "M",
        "user": 396
    },
    "model": "users.employee",
    "pk": 143
},
{
    "fields": {
        "status": "P",
        "siglum": "BE6",
        "category": "N",
        "user": 397
    },
    "model": "users.employee",
    "pk": 144
},
{
    "fields": {
        "status": "S",
        "siglum": "BE ",
        "category": "N",
        "user": 398
    },
    "model": "users.employee",
    "pk": 145
},
{
    "fields": {
        "status": "P",
        "siglum": "BA5",
        "category": "C",
        "user": 399
    },
    "model": "users.employee",
    "pk": 146
},
{
    "fields": {
        "status": "P",
        "siglum": "BE6",
        "category": "F",
        "user": 400
    },
    "model": "users.employee",
    "pk": 147
},
{
    "fields": {
        "status": "P",
        "siglum": "BE6",
        "category": "L",
        "user": 401
    },
    "model": "users.employee",
    "pk": 148
},
{
    "fields": {
        "status": "P",
        "siglum": "BM3",
        "category": "K",
        "user": 402
    },
    "model": "users.employee",
    "pk": 149
},
{
    "fields": {
        "status": "P",
        "siglum": "BE2",
        "category": "G",
        "user": 403
    },
    "model": "users.employee",
    "pk": 150
},
{
    "fields": {
        "status": "P",
        "siglum": "BA4",
        "category": "M",
        "user": 404
    },
    "model": "users.employee",
    "pk": 151
},
{
    "fields": {
        "status": "P",
        "siglum": "BM4",
        "category": "B",
        "user": 405
    },
    "model": "users.employee",
    "pk": 152
},
{
    "fields": {
        "status": "P",
        "siglum": "BD6",
        "category": "C",
        "user": 406
    },
    "model": "users.employee",
    "pk": 153
},
{
    "fields": {
        "status": "P",
        "siglum": "BA2",
        "category": "F",
        "user": 407
    },
    "model": "users.employee",
    "pk": 154
},
{
    "fields": {
        "status": "P",
        "siglum": "BD5",
        "category": "E",
        "user": 408
    },
    "model": "users.employee",
    "pk": 155
},
{
    "fields": {
        "status": "P",
        "siglum": "BD3",
        "category": "A",
        "user": 409
    },
    "model": "users.employee",
    "pk": 156
},
{
    "fields": {
        "status": "P",
        "siglum": "BA4",
        "category": "L",
        "user": 410
    },
    "model": "users.employee",
    "pk": 157
},
{
    "fields": {
        "status": "P",
        "siglum": "BA2",
        "category": "F",
        "user": 411
    },
    "model": "users.employee",
    "pk": 158
},
{
    "fields": {
        "status": "I",
        "siglum": "BM3",
        "category": "K",
        "user": 412
    },
    "model": "users.employee",
    "pk": 159
},
{
    "fields": {
        "status": "P",
        "siglum": "BA4",
        "category": "L",
        "user": 413
    },
    "model": "users.employee",
    "pk": 160
},
{
    "fields": {
        "status": "P",
        "siglum": "BA4",
        "category": "K",
        "user": 414
    },
    "model": "users.employee",
    "pk": 161
},
{
    "fields": {
        "status": "I",
        "siglum": "BE6",
        "category": "J",
        "user": 415
    },
    "model": "users.employee",
    "pk": 162
},
{
    "fields": {
        "status": "P",
        "siglum": "BE ",
        "category": "T",
        "user": 416
    },
    "model": "users.employee",
    "pk": 163
},
{
    "fields": {
        "status": "I",
        "siglum": "BE1",
        "category": "K",
        "user": 417
    },
    "model": "users.employee",
    "pk": 164
},
{
    "fields": {
        "status": "P",
        "siglum": "BE6",
        "category": "M",
        "user": 418
    },
    "model": "users.employee",
    "pk": 165
},
{
    "fields": {
        "status": "P",
        "siglum": "BD1",
        "category": "A",
        "user": 419
    },
    "model": "users.employee",
    "pk": 166
},
{
    "fields": {
        "status": "P",
        "siglum": "BA1",
        "category": "F",
        "user": 420
    },
    "model": "users.employee",
    "pk": 167
},
{
    "fields": {
        "status": "P",
        "siglum": "BD3",
        "category": "C",
        "user": 421
    },
    "model": "users.employee",
    "pk": 168
},
{
    "fields": {
        "status": "I",
        "siglum": "BA2",
        "category": "F",
        "user": 422
    },
    "model": "users.employee",
    "pk": 169
},
{
    "fields": {
        "status": "P",
        "siglum": "BA2",
        "category": "F",
        "user": 423
    },
    "model": "users.employee",
    "pk": 170
},
{
    "fields": {
        "status": "P",
        "siglum": "BM2",
        "category": "C",
        "user": 424
    },
    "model": "users.employee",
    "pk": 171
},
{
    "fields": {
        "status": "P",
        "siglum": "BM1",
        "category": "B",
        "user": 425
    },
    "model": "users.employee",
    "pk": 172
},
{
    "fields": {
        "status": "P",
        "siglum": "BE5",
        "category": "E",
        "user": 426
    },
    "model": "users.employee",
    "pk": 173
},
{
    "fields": {
        "status": "P",
        "siglum": "BD6",
        "category": "C",
        "user": 427
    },
    "model": "users.employee",
    "pk": 174
},
{
    "fields": {
        "status": "I",
        "siglum": "BE3",
        "category": "T",
        "user": 428
    },
    "model": "users.employee",
    "pk": 175
},
{
    "fields": {
        "status": "P",
        "siglum": "BD1",
        "category": "D",
        "user": 429
    },
    "model": "users.employee",
    "pk": 176
},
{
    "fields": {
        "status": "P",
        "siglum": "BE2",
        "category": "B",
        "user": 430
    },
    "model": "users.employee",
    "pk": 177
},
{
    "fields": {
        "status": "P",
        "siglum": "BE1",
        "category": "K",
        "user": 431
    },
    "model": "users.employee",
    "pk": 178
},
{
    "fields": {
        "status": "P",
        "siglum": "BA3",
        "category": "H",
        "user": 432
    },
    "model": "users.employee",
    "pk": 179
},
{
    "fields": {
        "status": "P",
        "siglum": "BE7",
        "category": "S",
        "user": 433
    },
    "model": "users.employee",
    "pk": 180
},
{
    "fields": {
        "status": "P",
        "siglum": "BA2",
        "category": "E",
        "user": 434
    },
    "model": "users.employee",
    "pk": 181
},
{
    "fields": {
        "status": "I",
        "siglum": "BM2",
        "category": "D",
        "user": 435
    },
    "model": "users.employee",
    "pk": 182
},
{
    "fields": {
        "status": "P",
        "siglum": "BD7",
        "category": "L",
        "user": 436
    },
    "model": "users.employee",
    "pk": 183
},
{
    "fields": {
        "status": "P",
        "siglum": "BE7",
        "category": "S",
        "user": 437
    },
    "model": "users.employee",
    "pk": 184
},
{
    "fields": {
        "status": "P",
        "siglum": "BD2",
        "category": "L",
        "user": 438
    },
    "model": "users.employee",
    "pk": 185
},
{
    "fields": {
        "status": "P",
        "siglum": "BE2",
        "category": "B",
        "user": 439
    },
    "model": "users.employee",
    "pk": 186
},
{
    "fields": {
        "status": "P",
        "siglum": "BD7",
        "category": "L",
        "user": 440
    },
    "model": "users.employee",
    "pk": 187
},
{
    "fields": {
        "status": "P",
        "siglum": "BA4",
        "category": "R",
        "user": 441
    },
    "model": "users.employee",
    "pk": 188
},
{
    "fields": {
        "status": "I",
        "siglum": "BM3",
        "category": "L",
        "user": 442
    },
    "model": "users.employee",
    "pk": 189
},
{
    "fields": {
        "status": "P",
        "siglum": "BD1",
        "category": "D",
        "user": 443
    },
    "model": "users.employee",
    "pk": 190
},
{
    "fields": {
        "status": "P",
        "siglum": "BE7",
        "category": "M",
        "user": 444
    },
    "model": "users.employee",
    "pk": 191
},
{
    "fields": {
        "status": "P",
        "siglum": "BD3",
        "category": "D",
        "user": 445
    },
    "model": "users.employee",
    "pk": 192
},
{
    "fields": {
        "status": "P",
        "siglum": "BE6",
        "category": "D",
        "user": 446
    },
    "model": "users.employee",
    "pk": 193
},
{
    "fields": {
        "status": "P",
        "siglum": "BE6",
        "category": "G",
        "user": 447
    },
    "model": "users.employee",
    "pk": 194
},
{
    "fields": {
        "status": "P",
        "siglum": "BD5",
        "category": "C",
        "user": 448
    },
    "model": "users.employee",
    "pk": 195
},
{
    "fields": {
        "status": "P",
        "siglum": "BA1",
        "category": "E",
        "user": 449
    },
    "model": "users.employee",
    "pk": 196
},
{
    "fields": {
        "status": "P",
        "siglum": "BA5",
        "category": "L",
        "user": 450
    },
    "model": "users.employee",
    "pk": 197
},
{
    "fields": {
        "status": "P",
        "siglum": "BE3",
        "category": "K",
        "user": 451
    },
    "model": "users.employee",
    "pk": 198
},
{
    "fields": {
        "status": "P",
        "siglum": "BE1",
        "category": "K",
        "user": 452
    },
    "model": "users.employee",
    "pk": 199
},
{
    "fields": {
        "status": "I",
        "siglum": "BM3",
        "category": "J",
        "user": 453
    },
    "model": "users.employee",
    "pk": 200
},
{
    "fields": {
        "status": "P",
        "siglum": "BD1",
        "category": "F",
        "user": 454
    },
    "model": "users.employee",
    "pk": 201
},
{
    "fields": {
        "status": "I",
        "siglum": "BA1",
        "category": "F",
        "user": 455
    },
    "model": "users.employee",
    "pk": 202
},
{
    "fields": {
        "status": "P",
        "siglum": "BA4",
        "category": "K",
        "user": 456
    },
    "model": "users.employee",
    "pk": 203
},
{
    "fields": {
        "status": "P",
        "siglum": "BD3",
        "category": "C",
        "user": 457
    },
    "model": "users.employee",
    "pk": 204
},
{
    "fields": {
        "status": "P",
        "siglum": "BE6",
        "category": "K",
        "user": 458
    },
    "model": "users.employee",
    "pk": 205
},
{
    "fields": {
        "status": "P",
        "siglum": "BD1",
        "category": "F",
        "user": 459
    },
    "model": "users.employee",
    "pk": 206
},
{
    "fields": {
        "status": "P",
        "siglum": "BD3",
        "category": "C",
        "user": 460
    },
    "model": "users.employee",
    "pk": 207
},
{
    "fields": {
        "status": "P",
        "siglum": "BE3",
        "category": "R",
        "user": 461
    },
    "model": "users.employee",
    "pk": 208
},
{
    "fields": {
        "status": "P",
        "siglum": "BM4",
        "category": "C",
        "user": 462
    },
    "model": "users.employee",
    "pk": 209
},
{
    "fields": {
        "status": "P",
        "siglum": "BD5",
        "category": "A",
        "user": 463
    },
    "model": "users.employee",
    "pk": 210
},
{
    "fields": {
        "status": "P",
        "siglum": "BM1",
        "category": "B",
        "user": 464
    },
    "model": "users.employee",
    "pk": 211
},
{
    "fields": {
        "status": "P",
        "siglum": "BD4",
        "category": "L",
        "user": 465
    },
    "model": "users.employee",
    "pk": 212
},
{
    "fields": {
        "status": "P",
        "siglum": "BM1",
        "category": "C",
        "user": 466
    },
    "model": "users.employee",
    "pk": 213
},
{
    "fields": {
        "status": "P",
        "siglum": "BM4",
        "category": "E",
        "user": 467
    },
    "model": "users.employee",
    "pk": 214
},
{
    "fields": {
        "status": "P",
        "siglum": "BE2",
        "category": "B",
        "user": 468
    },
    "model": "users.employee",
    "pk": 215
},
{
    "fields": {
        "status": "P",
        "siglum": "BD5",
        "category": "B",
        "user": 469
    },
    "model": "users.employee",
    "pk": 216
},
{
    "fields": {
        "status": "P",
        "siglum": "BE2",
        "category": "E",
        "user": 470
    },
    "model": "users.employee",
    "pk": 217
},
{
    "fields": {
        "status": "P",
        "siglum": "BD5",
        "category": "C",
        "user": 471
    },
    "model": "users.employee",
    "pk": 218
},
{
    "fields": {
        "status": "I",
        "siglum": "BD6",
        "category": "A",
        "user": 472
    },
    "model": "users.employee",
    "pk": 219
},
{
    "fields": {
        "status": "P",
        "siglum": "BE5",
        "category": "G",
        "user": 473
    },
    "model": "users.employee",
    "pk": 220
},
{
    "fields": {
        "status": "P",
        "siglum": "BD4",
        "category": "L",
        "user": 474
    },
    "model": "users.employee",
    "pk": 221
},
{
    "fields": {
        "status": "P",
        "siglum": "BE3",
        "category": "Q",
        "user": 475
    },
    "model": "users.employee",
    "pk": 222
},
{
    "fields": {
        "status": "P",
        "siglum": "BM1",
        "category": "C",
        "user": 476
    },
    "model": "users.employee",
    "pk": 223
},
{
    "fields": {
        "status": "P",
        "siglum": "BA5",
        "category": "D",
        "user": 477
    },
    "model": "users.employee",
    "pk": 224
},
{
    "fields": {
        "status": "P",
        "siglum": "BM1",
        "category": "C",
        "user": 478
    },
    "model": "users.employee",
    "pk": 225
},
{
    "fields": {
        "status": "I",
        "siglum": "BE5",
        "category": "F",
        "user": 479
    },
    "model": "users.employee",
    "pk": 226
},
{
    "fields": {
        "status": "P",
        "siglum": "BM1",
        "category": "H",
        "user": 480
    },
    "model": "users.employee",
    "pk": 227
},
{
    "fields": {
        "status": "P",
        "siglum": "BA1",
        "category": "E",
        "user": 481
    },
    "model": "users.employee",
    "pk": 228
},
{
    "fields": {
        "status": "P",
        "siglum": "BE2",
        "category": "B",
        "user": 482
    },
    "model": "users.employee",
    "pk": 229
},
{
    "fields": {
        "status": "P",
        "siglum": "BD3",
        "category": "S",
        "user": 483
    },
    "model": "users.employee",
    "pk": 230
},
{
    "fields": {
        "status": "P",
        "siglum": "BM4",
        "category": "C",
        "user": 484
    },
    "model": "users.employee",
    "pk": 231
},
{
    "fields": {
        "status": "P",
        "siglum": "BD6",
        "category": "E",
        "user": 485
    },
    "model": "users.employee",
    "pk": 232
},
{
    "fields": {
        "status": "P",
        "siglum": "BA1",
        "category": "G",
        "user": 486
    },
    "model": "users.employee",
    "pk": 233
},
{
    "fields": {
        "status": "P",
        "siglum": "BE6",
        "category": "E",
        "user": 487
    },
    "model": "users.employee",
    "pk": 234
},
{
    "fields": {
        "status": "P",
        "siglum": "BD6",
        "category": "D",
        "user": 488
    },
    "model": "users.employee",
    "pk": 235
},
{
    "fields": {
        "status": "P",
        "siglum": "BD2",
        "category": "M",
        "user": 489
    },
    "model": "users.employee",
    "pk": 236
},
{
    "fields": {
        "status": "P",
        "siglum": "BE3",
        "category": "T",
        "user": 491
    },
    "model": "users.employee",
    "pk": 238
},
{
    "fields": {
        "status": "P",
        "siglum": "BD2",
        "category": "K",
        "user": 492
    },
    "model": "users.employee",
    "pk": 239
},
{
    "fields": {
        "status": "I",
        "siglum": "BE3",
        "category": "G",
        "user": 493
    },
    "model": "users.employee",
    "pk": 240
},
{
    "fields": {
        "status": "P",
        "siglum": "BD4",
        "category": "L",
        "user": 494
    },
    "model": "users.employee",
    "pk": 241
},
{
    "fields": {
        "status": "P",
        "siglum": "BE4",
        "category": "N",
        "user": 495
    },
    "model": "users.employee",
    "pk": 242
},
{
    "fields": {
        "status": "I",
        "siglum": "BD7",
        "category": "J",
        "user": 496
    },
    "model": "users.employee",
    "pk": 243
},
{
    "fields": {
        "status": "P",
        "siglum": "BE3",
        "category": "D",
        "user": 497
    },
    "model": "users.employee",
    "pk": 244
},
{
    "fields": {
        "status": "P",
        "siglum": "BM1",
        "category": "G",
        "user": 498
    },
    "model": "users.employee",
    "pk": 245
},
{
    "fields": {
        "status": "P",
        "siglum": "BD1",
        "category": "B",
        "user": 499
    },
    "model": "users.employee",
    "pk": 246
},
{
    "fields": {
        "status": "P",
        "siglum": "BA3",
        "category": "G",
        "user": 500
    },
    "model": "users.employee",
    "pk": 247
},
{
    "fields": {
        "status": "P",
        "siglum": "BA1",
        "category": "E",
        "user": 501
    },
    "model": "users.employee",
    "pk": 248
},
{
    "fields": {
        "status": "P",
        "siglum": "BA2",
        "category": "H",
        "user": 502
    },
    "model": "users.employee",
    "pk": 249
},
{
    "fields": {
        "status": "P",
        "siglum": "BD6",
        "category": "A",
        "user": 503
    },
    "model": "users.employee",
    "pk": 250
},
{
    "fields": {
        "status": "P",
        "siglum": "BE5",
        "category": "F",
        "user": 504
    },
    "model": "users.employee",
    "pk": 251
},
{
    "fields": {
        "status": "P",
        "siglum": "BA3",
        "category": "D",
        "user": 505
    },
    "model": "users.employee",
    "pk": 252
},
{
    "fields": {
        "status": "P",
        "siglum": "BE5",
        "category": "D",
        "user": 506
    },
    "model": "users.employee",
    "pk": 253
},
{
    "fields": {
        "status": "P",
        "siglum": "BM4",
        "category": "H",
        "user": 507
    },
    "model": "users.employee",
    "pk": 254
},
{
    "fields": {
        "status": "P",
        "siglum": "BE4",
        "category": "L",
        "user": 508
    },
    "model": "users.employee",
    "pk": 255
},
{
    "fields": {
        "status": "I",
        "siglum": "BE4",
        "category": "M",
        "user": 509
    },
    "model": "users.employee",
    "pk": 256
},
{
    "fields": {
        "status": "P",
        "siglum": "BA4",
        "category": "K",
        "user": 510
    },
    "model": "users.employee",
    "pk": 257
},
{
    "fields": {
        "status": "P",
        "siglum": "BD2",
        "category": "K",
        "user": 511
    },
    "model": "users.employee",
    "pk": 258
},
{
    "fields": {
        "status": "P",
        "siglum": "BD2",
        "category": "K",
        "user": 512
    },
    "model": "users.employee",
    "pk": 259
},
{
    "fields": {
        "status": "P",
        "siglum": "BD2",
        "category": "L",
        "user": 513
    },
    "model": "users.employee",
    "pk": 260
},
{
    "fields": {
        "status": "P",
        "siglum": "BD4",
        "category": "K",
        "user": 514
    },
    "model": "users.employee",
    "pk": 261
},
{
    "fields": {
        "status": "P",
        "siglum": "BM1",
        "category": "H",
        "user": 515
    },
    "model": "users.employee",
    "pk": 262
},
{
    "fields": {
        "status": "P",
        "siglum": "BD1",
        "category": "D",
        "user": 558
    },
    "model": "users.employee",
    "pk": 432
},
{
    "fields": {
        "status": "S",
        "siglum": "B",
        "category": "",
        "user": 559
    },
    "model": "users.employee",
    "pk": 433
},
{
    "fields": {
        "status": "S",
        "siglum": "SB3",
        "category": "",
        "user": 560
    },
    "model": "users.employee",
    "pk": 434
},
{
    "fields": {
        "action_flag": 1,
        "action_time": "2014-01-20T15:06:13",
        "object_repr": " ",
        "object_id": "1",
        "change_message": "",
        "user": 1,
        "content_type": 10
    },
    "model": "admin.logentry",
    "pk": 1
},
{
    "fields": {
        "action_flag": 2,
        "action_time": "2014-01-20T15:06:34",
        "object_repr": "st01447",
        "object_id": "1",
        "change_message": "Changed first_name and last_name.",
        "user": 1,
        "content_type": 3
    },
    "model": "admin.logentry",
    "pk": 2
},
{
    "fields": {
        "action_flag": 1,
        "action_time": "2014-01-20T15:34:21",
        "object_repr": "NG0C9AC",
        "object_id": "2",
        "change_message": "",
        "user": 1,
        "content_type": 3
    },
    "model": "admin.logentry",
    "pk": 3
},
{
    "fields": {
        "action_flag": 2,
        "action_time": "2014-01-20T15:34:54",
        "object_repr": "NG0C9AC",
        "object_id": "2",
        "change_message": "Changed first_name, last_name, email, is_staff and is_superuser.",
        "user": 1,
        "content_type": 3
    },
    "model": "admin.logentry",
    "pk": 4
},
{
    "fields": {
        "action_flag": 1,
        "action_time": "2014-01-20T15:35:20",
        "object_repr": "BROTZKI Florian",
        "object_id": "2",
        "change_message": "",
        "user": 1,
        "content_type": 10
    },
    "model": "admin.logentry",
    "pk": 5
},
{
    "fields": {
        "action_flag": 1,
        "action_time": "2014-01-20T15:56:41",
        "object_repr": "ST00243",
        "object_id": "3",
        "change_message": "",
        "user": 1,
        "content_type": 3
    },
    "model": "admin.logentry",
    "pk": 6
},
{
    "fields": {
        "action_flag": 2,
        "action_time": "2014-01-20T15:57:21",
        "object_repr": "ST00243",
        "object_id": "3",
        "change_message": "Changed first_name, last_name and email.",
        "user": 1,
        "content_type": 3
    },
    "model": "admin.logentry",
    "pk": 7
},
{
    "fields": {
        "action_flag": 1,
        "action_time": "2014-01-20T15:58:01",
        "object_repr": "THC1XE",
        "object_id": "4",
        "change_message": "",
        "user": 1,
        "content_type": 3
    },
    "model": "admin.logentry",
    "pk": 8
},
{
    "fields": {
        "action_flag": 2,
        "action_time": "2014-01-20T15:58:26",
        "object_repr": "THC1XE",
        "object_id": "4",
        "change_message": "Changed first_name, last_name and email.",
        "user": 1,
        "content_type": 3
    },
    "model": "admin.logentry",
    "pk": 9
},
{
    "fields": {
        "action_flag": 1,
        "action_time": "2014-01-20T15:59:07",
        "object_repr": "ST05006",
        "object_id": "5",
        "change_message": "",
        "user": 1,
        "content_type": 3
    },
    "model": "admin.logentry",
    "pk": 10
},
{
    "fields": {
        "action_flag": 2,
        "action_time": "2014-01-20T15:59:24",
        "object_repr": "ST05006",
        "object_id": "5",
        "change_message": "Changed first_name, last_name and email.",
        "user": 1,
        "content_type": 3
    },
    "model": "admin.logentry",
    "pk": 11
},
{
    "fields": {
        "action_flag": 1,
        "action_time": "2014-01-20T16:00:19",
        "object_repr": "THA1RR",
        "object_id": "6",
        "change_message": "",
        "user": 1,
        "content_type": 3
    },
    "model": "admin.logentry",
    "pk": 12
},
{
    "fields": {
        "action_flag": 2,
        "action_time": "2014-01-20T16:00:37",
        "object_repr": "THA1RR",
        "object_id": "6",
        "change_message": "Changed first_name, last_name and email.",
        "user": 1,
        "content_type": 3
    },
    "model": "admin.logentry",
    "pk": 13
},
{
    "fields": {
        "action_flag": 1,
        "action_time": "2014-01-20T16:01:02",
        "object_repr": "REICHLE Rafael",
        "object_id": "3",
        "change_message": "",
        "user": 1,
        "content_type": 10
    },
    "model": "admin.logentry",
    "pk": 14
},
{
    "fields": {
        "action_flag": 1,
        "action_time": "2014-01-20T16:01:12",
        "object_repr": "TOMAS Laurent",
        "object_id": "4",
        "change_message": "",
        "user": 1,
        "content_type": 10
    },
    "model": "admin.logentry",
    "pk": 15
},
{
    "fields": {
        "action_flag": 2,
        "action_time": "2014-01-20T16:01:18",
        "object_repr": "TOMAS Laurent",
        "object_id": "4",
        "change_message": "Changed siglum.",
        "user": 1,
        "content_type": 10
    },
    "model": "admin.logentry",
    "pk": 16
},
{
    "fields": {
        "action_flag": 1,
        "action_time": "2014-01-20T16:01:28",
        "object_repr": "PONS Guilhem",
        "object_id": "5",
        "change_message": "",
        "user": 1,
        "content_type": 10
    },
    "model": "admin.logentry",
    "pk": 17
},
{
    "fields": {
        "action_flag": 1,
        "action_time": "2014-01-20T16:01:41",
        "object_repr": "HAUSEN Christoph",
        "object_id": "6",
        "change_message": "",
        "user": 1,
        "content_type": 10
    },
    "model": "admin.logentry",
    "pk": 18
},
{
    "fields": {
        "action_flag": 1,
        "action_time": "2014-01-20T16:10:23",
        "object_repr": "ST22081",
        "object_id": "7",
        "change_message": "",
        "user": 1,
        "content_type": 3
    },
    "model": "admin.logentry",
    "pk": 19
},
{
    "fields": {
        "action_flag": 2,
        "action_time": "2014-01-20T16:10:48",
        "object_repr": "ST22081",
        "object_id": "7",
        "change_message": "Changed first_name, last_name, email and is_active.",
        "user": 1,
        "content_type": 3
    },
    "model": "admin.logentry",
    "pk": 20
},
{
    "fields": {
        "action_flag": 2,
        "action_time": "2014-01-20T16:11:09",
        "object_repr": "ST22081",
        "object_id": "7",
        "change_message": "Changed is_active.",
        "user": 1,
        "content_type": 3
    },
    "model": "admin.logentry",
    "pk": 21
},
{
    "fields": {
        "action_flag": 1,
        "action_time": "2014-01-20T16:11:32",
        "object_repr": "ROUILLE Christophe",
        "object_id": "7",
        "change_message": "",
        "user": 1,
        "content_type": 10
    },
    "model": "admin.logentry",
    "pk": 22
},
{
    "fields": {
        "action_flag": 1,
        "action_time": "2014-01-28T10:42:58",
        "object_repr": "ST02649",
        "object_id": "8",
        "change_message": "",
        "user": 1,
        "content_type": 3
    },
    "model": "admin.logentry",
    "pk": 23
},
{
    "fields": {
        "action_flag": 2,
        "action_time": "2014-01-28T10:43:31",
        "object_repr": "ST02649",
        "object_id": "8",
        "change_message": "Changed first_name, last_name and email.",
        "user": 1,
        "content_type": 3
    },
    "model": "admin.logentry",
    "pk": 24
},
{
    "fields": {
        "action_flag": 1,
        "action_time": "2014-01-28T10:43:55",
        "object_repr": "TACHOIRES Matthieu",
        "object_id": "8",
        "change_message": "",
        "user": 1,
        "content_type": 10
    },
    "model": "admin.logentry",
    "pk": 25
},
{
    "fields": {
        "action_flag": 1,
        "action_time": "2014-01-28T10:45:42",
        "object_repr": "Project Editors",
        "object_id": "1",
        "change_message": "",
        "user": 1,
        "content_type": 2
    },
    "model": "admin.logentry",
    "pk": 26
},
{
    "fields": {
        "action_flag": 1,
        "action_time": "2014-01-28T10:46:16",
        "object_repr": "Service Catalog Editors",
        "object_id": "2",
        "change_message": "",
        "user": 1,
        "content_type": 2
    },
    "model": "admin.logentry",
    "pk": 27
},
{
    "fields": {
        "action_flag": 2,
        "action_time": "2014-01-28T10:46:31",
        "object_repr": "ST02649",
        "object_id": "8",
        "change_message": "Changed groups.",
        "user": 1,
        "content_type": 3
    },
    "model": "admin.logentry",
    "pk": 28
},
{
    "fields": {
        "action_flag": 2,
        "action_time": "2014-01-28T10:47:22",
        "object_repr": "ST00243",
        "object_id": "3",
        "change_message": "Changed groups.",
        "user": 1,
        "content_type": 3
    },
    "model": "admin.logentry",
    "pk": 29
},
{
    "fields": {
        "action_flag": 2,
        "action_time": "2014-01-28T10:47:33",
        "object_repr": "ST05006",
        "object_id": "5",
        "change_message": "Changed groups.",
        "user": 1,
        "content_type": 3
    },
    "model": "admin.logentry",
    "pk": 30
},
{
    "fields": {
        "action_flag": 2,
        "action_time": "2014-01-28T10:47:48",
        "object_repr": "ST22081",
        "object_id": "7",
        "change_message": "Changed groups.",
        "user": 1,
        "content_type": 3
    },
    "model": "admin.logentry",
    "pk": 31
},
{
    "fields": {
        "action_flag": 2,
        "action_time": "2014-01-28T10:47:55",
        "object_repr": "THA1RR",
        "object_id": "6",
        "change_message": "Changed groups.",
        "user": 1,
        "content_type": 3
    },
    "model": "admin.logentry",
    "pk": 32
},
{
    "fields": {
        "action_flag": 2,
        "action_time": "2014-01-28T10:48:04",
        "object_repr": "THC1XE",
        "object_id": "4",
        "change_message": "Changed groups.",
        "user": 1,
        "content_type": 3
    },
    "model": "admin.logentry",
    "pk": 33
},
{
    "fields": {
        "action_flag": 1,
        "action_time": "2014-07-02T14:38:46",
        "object_repr": "TH62OB",
        "object_id": "9",
        "change_message": "",
        "user": 1,
        "content_type": 3
    },
    "model": "admin.logentry",
    "pk": 34
},
{
    "fields": {
        "action_flag": 2,
        "action_time": "2014-07-02T14:39:57",
        "object_repr": "TH62OB",
        "object_id": "9",
        "change_message": "Changed first_name, last_name, email and groups.",
        "user": 1,
        "content_type": 3
    },
    "model": "admin.logentry",
    "pk": 35
},
{
    "fields": {
        "action_flag": 1,
        "action_time": "2014-07-02T14:40:16",
        "object_repr": "OEZCETIN B\u00fclent",
        "object_id": "9",
        "change_message": "",
        "user": 1,
        "content_type": 10
    },
    "model": "admin.logentry",
    "pk": 36
},
{
    "fields": {
        "action_flag": 1,
        "action_time": "2014-07-04T11:28:04",
        "object_repr": "ST94535",
        "object_id": "10",
        "change_message": "",
        "user": 1,
        "content_type": 3
    },
    "model": "admin.logentry",
    "pk": 37
},
{
    "fields": {
        "action_flag": 2,
        "action_time": "2014-07-04T11:29:00",
        "object_repr": "ST94535",
        "object_id": "10",
        "change_message": "Changed first_name, last_name, email and groups.",
        "user": 1,
        "content_type": 3
    },
    "model": "admin.logentry",
    "pk": 38
},
{
    "fields": {
        "action_flag": 1,
        "action_time": "2014-07-04T11:29:23",
        "object_repr": "BARRE Alan",
        "object_id": "10",
        "change_message": "",
        "user": 1,
        "content_type": 10
    },
    "model": "admin.logentry",
    "pk": 39
},
{
    "fields": {
        "action_flag": 1,
        "action_time": "2014-09-08T16:42:16",
        "object_repr": "ST22040",
        "object_id": "11",
        "change_message": "",
        "user": 1,
        "content_type": 3
    },
    "model": "admin.logentry",
    "pk": 40
},
{
    "fields": {
        "action_flag": 2,
        "action_time": "2014-09-08T16:43:08",
        "object_repr": "ST22040",
        "object_id": "11",
        "change_message": "Changed first_name, last_name, email and groups.",
        "user": 1,
        "content_type": 3
    },
    "model": "admin.logentry",
    "pk": 41
},
{
    "fields": {
        "action_flag": 1,
        "action_time": "2014-09-08T16:43:35",
        "object_repr": "CHAMBRON Bruno",
        "object_id": "11",
        "change_message": "",
        "user": 1,
        "content_type": 10
    },
    "model": "admin.logentry",
    "pk": 42
},
{
    "fields": {
        "action_flag": 2,
        "action_time": "2014-09-08T16:44:09",
        "object_repr": "PONS Guilhem",
        "object_id": "5",
        "change_message": "No fields changed.",
        "user": 1,
        "content_type": 10
    },
    "model": "admin.logentry",
    "pk": 43
},
{
    "fields": {
        "action_flag": 2,
        "action_time": "2014-09-08T16:44:15",
        "object_repr": "PONS Guilhem",
        "object_id": "5",
        "change_message": "Changed siglum.",
        "user": 1,
        "content_type": 10
    },
    "model": "admin.logentry",
    "pk": 44
},
{
    "fields": {
        "action_flag": 2,
        "action_time": "2014-09-08T16:44:30",
        "object_repr": "DE BURE Guillaume",
        "object_id": "1",
        "change_message": "Changed siglum.",
        "user": 1,
        "content_type": 10
    },
    "model": "admin.logentry",
    "pk": 45
},
{
    "fields": {
        "action_flag": 2,
        "action_time": "2014-09-08T16:44:35",
        "object_repr": "HAUSEN Christoph",
        "object_id": "6",
        "change_message": "Changed siglum.",
        "user": 1,
        "content_type": 10
    },
    "model": "admin.logentry",
    "pk": 46
},
{
    "fields": {
        "action_flag": 2,
        "action_time": "2014-09-08T16:44:41",
        "object_repr": "BROTZKI Florian",
        "object_id": "2",
        "change_message": "Changed siglum.",
        "user": 1,
        "content_type": 10
    },
    "model": "admin.logentry",
    "pk": 47
},
{
    "fields": {
        "action_flag": 2,
        "action_time": "2014-09-08T16:45:01",
        "object_repr": "REICHLE Rafael",
        "object_id": "3",
        "change_message": "Changed siglum.",
        "user": 1,
        "content_type": 10
    },
    "model": "admin.logentry",
    "pk": 48
},
{
    "fields": {
        "action_flag": 1,
        "action_time": "2014-10-21T11:45:04",
        "object_repr": "Location object",
        "object_id": "1",
        "change_message": "",
        "user": 1,
        "content_type": 29
    },
    "model": "admin.logentry",
    "pk": 49
},
{
    "fields": {
        "action_flag": 1,
        "action_time": "2014-10-21T11:45:09",
        "object_repr": "Location object",
        "object_id": "2",
        "change_message": "",
        "user": 1,
        "content_type": 29
    },
    "model": "admin.logentry",
    "pk": 50
},
{
    "fields": {
        "action_flag": 1,
        "action_time": "2014-10-21T11:45:13",
        "object_repr": "Location object",
        "object_id": "3",
        "change_message": "",
        "user": 1,
        "content_type": 29
    },
    "model": "admin.logentry",
    "pk": 51
},
{
    "fields": {
        "action_flag": 1,
        "action_time": "2014-10-21T11:45:17",
        "object_repr": "Location object",
        "object_id": "4",
        "change_message": "",
        "user": 1,
        "content_type": 29
    },
    "model": "admin.logentry",
    "pk": 52
},
{
    "fields": {
        "action_flag": 1,
        "action_time": "2014-10-21T12:13:15",
        "object_repr": "ST00003",
        "object_id": "12",
        "change_message": "",
        "user": 1,
        "content_type": 3
    },
    "model": "admin.logentry",
    "pk": 53
},
{
    "fields": {
        "action_flag": 2,
        "action_time": "2014-10-21T12:13:36",
        "object_repr": "ST00003",
        "object_id": "12",
        "change_message": "Changed first_name, last_name and email.",
        "user": 1,
        "content_type": 3
    },
    "model": "admin.logentry",
    "pk": 54
},
{
    "fields": {
        "action_flag": 1,
        "action_time": "2014-10-21T12:13:49",
        "object_repr": "NOUGAROLIS Fabrice",
        "object_id": "12",
        "change_message": "",
        "user": 1,
        "content_type": 10
    },
    "model": "admin.logentry",
    "pk": 55
},
{
    "fields": {
        "action_flag": 1,
        "action_time": "2014-10-21T13:37:42",
        "object_repr": "ST21257",
        "object_id": "13",
        "change_message": "",
        "user": 1,
        "content_type": 3
    },
    "model": "admin.logentry",
    "pk": 56
},
{
    "fields": {
        "action_flag": 2,
        "action_time": "2014-10-21T13:38:23",
        "object_repr": "ST21257",
        "object_id": "13",
        "change_message": "Changed first_name, last_name and email.",
        "user": 1,
        "content_type": 3
    },
    "model": "admin.logentry",
    "pk": 57
},
{
    "fields": {
        "action_flag": 1,
        "action_time": "2014-10-21T13:38:51",
        "object_repr": "LAVAL Marie",
        "object_id": "13",
        "change_message": "",
        "user": 1,
        "content_type": 10
    },
    "model": "admin.logentry",
    "pk": 58
},
{
    "fields": {
        "action_flag": 1,
        "action_time": "2014-10-21T13:42:14",
        "object_repr": "ST26639",
        "object_id": "14",
        "change_message": "",
        "user": 1,
        "content_type": 3
    },
    "model": "admin.logentry",
    "pk": 59
},
{
    "fields": {
        "action_flag": 2,
        "action_time": "2014-10-21T13:42:24",
        "object_repr": "ST26639",
        "object_id": "14",
        "change_message": "Changed first_name and last_name.",
        "user": 1,
        "content_type": 3
    },
    "model": "admin.logentry",
    "pk": 60
},
{
    "fields": {
        "action_flag": 1,
        "action_time": "2014-10-21T13:42:54",
        "object_repr": "ESPIAU Lo\u00efc",
        "object_id": "14",
        "change_message": "",
        "user": 1,
        "content_type": 10
    },
    "model": "admin.logentry",
    "pk": 61
},
{
    "fields": {
        "action_flag": 1,
        "action_time": "2014-10-21T13:44:27",
        "object_repr": "ST30518",
        "object_id": "15",
        "change_message": "",
        "user": 1,
        "content_type": 3
    },
    "model": "admin.logentry",
    "pk": 62
},
{
    "fields": {
        "action_flag": 2,
        "action_time": "2014-10-21T13:44:52",
        "object_repr": "ST30518",
        "object_id": "15",
        "change_message": "Changed first_name and last_name.",
        "user": 1,
        "content_type": 3
    },
    "model": "admin.logentry",
    "pk": 63
},
{
    "fields": {
        "action_flag": 1,
        "action_time": "2014-10-21T13:45:15",
        "object_repr": "SOUHARCE J\u00e9r\u00f4me",
        "object_id": "15",
        "change_message": "",
        "user": 1,
        "content_type": 10
    },
    "model": "admin.logentry",
    "pk": 64
},
{
    "fields": {
        "action_flag": 1,
        "action_time": "2014-10-21T14:21:43",
        "object_repr": "Idea",
        "object_id": "I",
        "change_message": "",
        "user": 1,
        "content_type": 30
    },
    "model": "admin.logentry",
    "pk": 65
},
{
    "fields": {
        "action_flag": 1,
        "action_time": "2014-10-21T14:22:43",
        "object_repr": "Under Study",
        "object_id": "S",
        "change_message": "",
        "user": 1,
        "content_type": 30
    },
    "model": "admin.logentry",
    "pk": 66
},
{
    "fields": {
        "action_flag": 1,
        "action_time": "2014-10-21T14:23:23",
        "object_repr": "Approved",
        "object_id": "A",
        "change_message": "",
        "user": 1,
        "content_type": 30
    },
    "model": "admin.logentry",
    "pk": 67
},
{
    "fields": {
        "action_flag": 1,
        "action_time": "2014-10-21T14:23:48",
        "object_repr": "Rejected",
        "object_id": "R",
        "change_message": "",
        "user": 1,
        "content_type": 30
    },
    "model": "admin.logentry",
    "pk": 68
},
{
    "fields": {
        "action_flag": 1,
        "action_time": "2014-10-21T14:24:33",
        "object_repr": "Current Position",
        "object_id": "C",
        "change_message": "",
        "user": 1,
        "content_type": 30
    },
    "model": "admin.logentry",
    "pk": 69
},
{
    "fields": {
        "action_flag": 1,
        "action_time": "2014-10-21T14:24:59",
        "object_repr": "Previous Position",
        "object_id": "P",
        "change_message": "",
        "user": 1,
        "content_type": 30
    },
    "model": "admin.logentry",
    "pk": 70
},
{
    "fields": {
        "action_flag": 1,
        "action_time": "2014-10-21T14:44:48",
        "object_repr": "NG41AF0",
        "object_id": "16",
        "change_message": "",
        "user": 1,
        "content_type": 3
    },
    "model": "admin.logentry",
    "pk": 71
},
{
    "fields": {
        "action_flag": 2,
        "action_time": "2014-10-21T14:45:00",
        "object_repr": "NG41AF0",
        "object_id": "16",
        "change_message": "Changed first_name and last_name.",
        "user": 1,
        "content_type": 3
    },
    "model": "admin.logentry",
    "pk": 72
},
{
    "fields": {
        "action_flag": 1,
        "action_time": "2014-10-21T14:45:24",
        "object_repr": "ROSSONI C\u00e9dric",
        "object_id": "16",
        "change_message": "",
        "user": 1,
        "content_type": 10
    },
    "model": "admin.logentry",
    "pk": 73
},
{
    "fields": {
        "action_flag": 1,
        "action_time": "2014-10-21T14:48:28",
        "object_repr": "ST26708",
        "object_id": "17",
        "change_message": "",
        "user": 1,
        "content_type": 3
    },
    "model": "admin.logentry",
    "pk": 74
},
{
    "fields": {
        "action_flag": 2,
        "action_time": "2014-10-21T14:48:36",
        "object_repr": "ST26708",
        "object_id": "17",
        "change_message": "Changed first_name and last_name.",
        "user": 1,
        "content_type": 3
    },
    "model": "admin.logentry",
    "pk": 75
},
{
    "fields": {
        "action_flag": 1,
        "action_time": "2014-10-21T14:49:04",
        "object_repr": "BALDET Thomas",
        "object_id": "17",
        "change_message": "",
        "user": 1,
        "content_type": 10
    },
    "model": "admin.logentry",
    "pk": 76
},
{
    "fields": {
        "action_flag": 1,
        "action_time": "2014-10-21T14:52:44",
        "object_repr": "ST34028",
        "object_id": "18",
        "change_message": "",
        "user": 1,
        "content_type": 3
    },
    "model": "admin.logentry",
    "pk": 77
},
{
    "fields": {
        "action_flag": 2,
        "action_time": "2014-10-21T14:52:53",
        "object_repr": "ST34028",
        "object_id": "18",
        "change_message": "Changed first_name and last_name.",
        "user": 1,
        "content_type": 3
    },
    "model": "admin.logentry",
    "pk": 78
},
{
    "fields": {
        "action_flag": 1,
        "action_time": "2014-10-21T14:53:13",
        "object_repr": "PERPERE Etienne",
        "object_id": "18",
        "change_message": "",
        "user": 1,
        "content_type": 10
    },
    "model": "admin.logentry",
    "pk": 79
},
{
    "fields": {
        "action_flag": 1,
        "action_time": "2014-10-21T15:34:32",
        "object_repr": "NG1125D",
        "object_id": "19",
        "change_message": "",
        "user": 1,
        "content_type": 3
    },
    "model": "admin.logentry",
    "pk": 80
},
{
    "fields": {
        "action_flag": 2,
        "action_time": "2014-10-21T15:34:42",
        "object_repr": "NG1125D",
        "object_id": "19",
        "change_message": "Changed first_name and last_name.",
        "user": 1,
        "content_type": 3
    },
    "model": "admin.logentry",
    "pk": 81
},
{
    "fields": {
        "action_flag": 1,
        "action_time": "2014-10-21T15:34:59",
        "object_repr": "SICARD Nicolas",
        "object_id": "19",
        "change_message": "",
        "user": 1,
        "content_type": 10
    },
    "model": "admin.logentry",
    "pk": 82
},
{
    "fields": {
        "action_flag": 1,
        "action_time": "2014-10-21T15:42:10",
        "object_repr": "ST26051",
        "object_id": "20",
        "change_message": "",
        "user": 1,
        "content_type": 3
    },
    "model": "admin.logentry",
    "pk": 83
},
{
    "fields": {
        "action_flag": 2,
        "action_time": "2014-10-21T15:42:31",
        "object_repr": "ST26051",
        "object_id": "20",
        "change_message": "Changed first_name, last_name, email, is_staff and is_superuser.",
        "user": 1,
        "content_type": 3
    },
    "model": "admin.logentry",
    "pk": 84
},
{
    "fields": {
        "action_flag": 2,
        "action_time": "2014-10-21T15:42:48",
        "object_repr": "NG0C9AC",
        "object_id": "2",
        "change_message": "Changed is_staff and is_superuser.",
        "user": 1,
        "content_type": 3
    },
    "model": "admin.logentry",
    "pk": 85
},
{
    "fields": {
        "action_flag": 2,
        "action_time": "2014-10-21T15:52:38",
        "object_repr": "DE BURE Guillaume",
        "object_id": "1",
        "change_message": "Changed status.",
        "user": 1,
        "content_type": 10
    },
    "model": "admin.logentry",
    "pk": 86
},
{
    "fields": {
        "action_flag": 2,
        "action_time": "2014-10-21T15:52:44",
        "object_repr": "HAUSEN Christoph",
        "object_id": "6",
        "change_message": "Changed status.",
        "user": 1,
        "content_type": 10
    },
    "model": "admin.logentry",
    "pk": 87
},
{
    "fields": {
        "action_flag": 2,
        "action_time": "2014-10-21T15:52:58",
        "object_repr": "ROUILLE Christophe",
        "object_id": "7",
        "change_message": "Changed status.",
        "user": 1,
        "content_type": 10
    },
    "model": "admin.logentry",
    "pk": 88
},
{
    "fields": {
        "action_flag": 2,
        "action_time": "2014-10-21T15:53:15",
        "object_repr": "SOUHARCE J\u00e9r\u00f4me",
        "object_id": "15",
        "change_message": "Changed status.",
        "user": 1,
        "content_type": 10
    },
    "model": "admin.logentry",
    "pk": 89
},
{
    "fields": {
        "action_flag": 1,
        "action_time": "2014-10-21T15:53:58",
        "object_repr": "FAVELLET Vanessa",
        "object_id": "20",
        "change_message": "",
        "user": 1,
        "content_type": 10
    },
    "model": "admin.logentry",
    "pk": 90
},
{
    "fields": {
        "action_flag": 1,
        "action_time": "2014-10-21T15:56:19",
        "object_repr": "ST00481",
        "object_id": "21",
        "change_message": "",
        "user": 1,
        "content_type": 3
    },
    "model": "admin.logentry",
    "pk": 91
},
{
    "fields": {
        "action_flag": 2,
        "action_time": "2014-10-21T15:56:27",
        "object_repr": "ST00481",
        "object_id": "21",
        "change_message": "Changed first_name and last_name.",
        "user": 1,
        "content_type": 3
    },
    "model": "admin.logentry",
    "pk": 92
},
{
    "fields": {
        "action_flag": 1,
        "action_time": "2014-10-21T15:56:46",
        "object_repr": "GANTIE C\u00e9line",
        "object_id": "21",
        "change_message": "",
        "user": 1,
        "content_type": 10
    },
    "model": "admin.logentry",
    "pk": 93
},
{
    "fields": {
        "action_flag": 1,
        "action_time": "2014-10-21T16:02:35",
        "object_repr": "NG006FFD",
        "object_id": "22",
        "change_message": "",
        "user": 1,
        "content_type": 3
    },
    "model": "admin.logentry",
    "pk": 94
},
{
    "fields": {
        "action_flag": 2,
        "action_time": "2014-10-21T16:02:44",
        "object_repr": "NG006FFD",
        "object_id": "22",
        "change_message": "Changed first_name and last_name.",
        "user": 1,
        "content_type": 3
    },
    "model": "admin.logentry",
    "pk": 95
},
{
    "fields": {
        "action_flag": 1,
        "action_time": "2014-10-21T16:03:06",
        "object_repr": "BERTIN Christl",
        "object_id": "22",
        "change_message": "",
        "user": 1,
        "content_type": 10
    },
    "model": "admin.logentry",
    "pk": 96
},
{
    "fields": {
        "action_flag": 1,
        "action_time": "2014-10-21T16:05:07",
        "object_repr": "NG11256",
        "object_id": "23",
        "change_message": "",
        "user": 1,
        "content_type": 3
    },
    "model": "admin.logentry",
    "pk": 97
},
{
    "fields": {
        "action_flag": 2,
        "action_time": "2014-10-21T16:07:30",
        "object_repr": "NG11256",
        "object_id": "23",
        "change_message": "Changed first_name and last_name.",
        "user": 1,
        "content_type": 3
    },
    "model": "admin.logentry",
    "pk": 98
},
{
    "fields": {
        "action_flag": 1,
        "action_time": "2014-10-21T16:08:26",
        "object_repr": "BERGERON Florian",
        "object_id": "23",
        "change_message": "",
        "user": 1,
        "content_type": 10
    },
    "model": "admin.logentry",
    "pk": 99
},
{
    "fields": {
        "action_flag": 2,
        "action_time": "2014-10-21T16:29:43",
        "object_repr": "BERTIN Christl",
        "object_id": "22",
        "change_message": "Changed status.",
        "user": 1,
        "content_type": 10
    },
    "model": "admin.logentry",
    "pk": 100
},
{
    "fields": {
        "action_flag": 1,
        "action_time": "2014-10-21T16:31:49",
        "object_repr": "NG00AAEE",
        "object_id": "24",
        "change_message": "",
        "user": 1,
        "content_type": 3
    },
    "model": "admin.logentry",
    "pk": 101
},
{
    "fields": {
        "action_flag": 1,
        "action_time": "2014-10-21T16:31:56",
        "object_repr": " ",
        "object_id": "24",
        "change_message": "",
        "user": 1,
        "content_type": 10
    },
    "model": "admin.logentry",
    "pk": 102
},
{
    "fields": {
        "action_flag": 2,
        "action_time": "2014-10-21T16:32:27",
        "object_repr": "NG00AAEE",
        "object_id": "24",
        "change_message": "Changed first_name and last_name.",
        "user": 1,
        "content_type": 3
    },
    "model": "admin.logentry",
    "pk": 103
},
{
    "fields": {
        "action_flag": 1,
        "action_time": "2014-10-21T16:34:19",
        "object_repr": "ST31613",
        "object_id": "25",
        "change_message": "",
        "user": 1,
        "content_type": 3
    },
    "model": "admin.logentry",
    "pk": 104
},
{
    "fields": {
        "action_flag": 2,
        "action_time": "2014-10-21T16:34:30",
        "object_repr": "ST31613",
        "object_id": "25",
        "change_message": "Changed first_name and last_name.",
        "user": 1,
        "content_type": 3
    },
    "model": "admin.logentry",
    "pk": 105
},
{
    "fields": {
        "action_flag": 1,
        "action_time": "2014-10-21T16:34:59",
        "object_repr": "SAVIGNY Olivier",
        "object_id": "25",
        "change_message": "",
        "user": 1,
        "content_type": 10
    },
    "model": "admin.logentry",
    "pk": 106
},
{
    "fields": {
        "action_flag": 1,
        "action_time": "2014-10-21T16:51:01",
        "object_repr": "Nantes",
        "object_id": "5",
        "change_message": "",
        "user": 1,
        "content_type": 29
    },
    "model": "admin.logentry",
    "pk": 107
},
{
    "fields": {
        "action_flag": 1,
        "action_time": "2014-10-21T16:51:07",
        "object_repr": "St Nazaire",
        "object_id": "6",
        "change_message": "",
        "user": 1,
        "content_type": 29
    },
    "model": "admin.logentry",
    "pk": 108
},
{
    "fields": {
        "action_flag": 1,
        "action_time": "2014-10-21T16:52:34",
        "object_repr": "ST20931",
        "object_id": "26",
        "change_message": "",
        "user": 1,
        "content_type": 3
    },
    "model": "admin.logentry",
    "pk": 109
},
{
    "fields": {
        "action_flag": 2,
        "action_time": "2014-10-21T16:52:42",
        "object_repr": "ST20931",
        "object_id": "26",
        "change_message": "Changed first_name and last_name.",
        "user": 1,
        "content_type": 3
    },
    "model": "admin.logentry",
    "pk": 110
},
{
    "fields": {
        "action_flag": 1,
        "action_time": "2014-10-21T16:53:02",
        "object_repr": "RUPIL Damien",
        "object_id": "26",
        "change_message": "",
        "user": 1,
        "content_type": 10
    },
    "model": "admin.logentry",
    "pk": 111
},
{
    "fields": {
        "action_flag": 1,
        "action_time": "2014-10-21T16:58:27",
        "object_repr": "NG1F6B9",
        "object_id": "27",
        "change_message": "",
        "user": 1,
        "content_type": 3
    },
    "model": "admin.logentry",
    "pk": 112
},
{
    "fields": {
        "action_flag": 2,
        "action_time": "2014-10-21T16:58:35",
        "object_repr": "NG1F6B9",
        "object_id": "27",
        "change_message": "Changed first_name and last_name.",
        "user": 1,
        "content_type": 3
    },
    "model": "admin.logentry",
    "pk": 113
},
{
    "fields": {
        "action_flag": 1,
        "action_time": "2014-10-21T16:59:01",
        "object_repr": "SERY Kevin",
        "object_id": "27",
        "change_message": "",
        "user": 1,
        "content_type": 10
    },
    "model": "admin.logentry",
    "pk": 114
},
{
    "fields": {
        "action_flag": 1,
        "action_time": "2014-10-21T17:01:03",
        "object_repr": "NG003D21",
        "object_id": "28",
        "change_message": "",
        "user": 1,
        "content_type": 3
    },
    "model": "admin.logentry",
    "pk": 115
},
{
    "fields": {
        "action_flag": 2,
        "action_time": "2014-10-21T17:01:15",
        "object_repr": "NG003D21",
        "object_id": "28",
        "change_message": "Changed first_name and last_name.",
        "user": 1,
        "content_type": 3
    },
    "model": "admin.logentry",
    "pk": 116
},
{
    "fields": {
        "action_flag": 1,
        "action_time": "2014-10-21T17:01:48",
        "object_repr": "DEMANGE Florian",
        "object_id": "28",
        "change_message": "",
        "user": 1,
        "content_type": 10
    },
    "model": "admin.logentry",
    "pk": 117
},
{
    "fields": {
        "action_flag": 1,
        "action_time": "2014-10-27T14:00:49",
        "object_repr": "NG005D7A",
        "object_id": "29",
        "change_message": "",
        "user": 1,
        "content_type": 3
    },
    "model": "admin.logentry",
    "pk": 118
},
{
    "fields": {
        "action_flag": 2,
        "action_time": "2014-10-27T14:00:58",
        "object_repr": "NG005D7A",
        "object_id": "29",
        "change_message": "Changed first_name and last_name.",
        "user": 1,
        "content_type": 3
    },
    "model": "admin.logentry",
    "pk": 119
},
{
    "fields": {
        "action_flag": 1,
        "action_time": "2014-10-27T14:01:15",
        "object_repr": "DEMARS Diane",
        "object_id": "29",
        "change_message": "",
        "user": 1,
        "content_type": 10
    },
    "model": "admin.logentry",
    "pk": 120
},
{
    "fields": {
        "action_flag": 1,
        "action_time": "2014-10-27T14:03:28",
        "object_repr": "ST31428",
        "object_id": "30",
        "change_message": "",
        "user": 1,
        "content_type": 3
    },
    "model": "admin.logentry",
    "pk": 121
},
{
    "fields": {
        "action_flag": 2,
        "action_time": "2014-10-27T14:03:41",
        "object_repr": "ST31428",
        "object_id": "30",
        "change_message": "Changed first_name and last_name.",
        "user": 1,
        "content_type": 3
    },
    "model": "admin.logentry",
    "pk": 122
},
{
    "fields": {
        "action_flag": 1,
        "action_time": "2014-10-27T14:03:56",
        "object_repr": "RICHIR Guillaume",
        "object_id": "30",
        "change_message": "",
        "user": 1,
        "content_type": 10
    },
    "model": "admin.logentry",
    "pk": 123
},
{
    "fields": {
        "action_flag": 1,
        "action_time": "2014-10-27T14:47:56",
        "object_repr": "ST20959",
        "object_id": "31",
        "change_message": "",
        "user": 1,
        "content_type": 3
    },
    "model": "admin.logentry",
    "pk": 124
},
{
    "fields": {
        "action_flag": 2,
        "action_time": "2014-10-27T14:48:05",
        "object_repr": "ST20959",
        "object_id": "31",
        "change_message": "Changed first_name and last_name.",
        "user": 1,
        "content_type": 3
    },
    "model": "admin.logentry",
    "pk": 125
},
{
    "fields": {
        "action_flag": 1,
        "action_time": "2014-10-27T14:48:21",
        "object_repr": "RICHIR Matthieu",
        "object_id": "31",
        "change_message": "",
        "user": 1,
        "content_type": 10
    },
    "model": "admin.logentry",
    "pk": 126
},
{
    "fields": {
        "action_flag": 1,
        "action_time": "2014-10-27T14:56:54",
        "object_repr": "NG1DE57",
        "object_id": "32",
        "change_message": "",
        "user": 1,
        "content_type": 3
    },
    "model": "admin.logentry",
    "pk": 127
},
{
    "fields": {
        "action_flag": 2,
        "action_time": "2014-10-27T14:57:03",
        "object_repr": "NG1DE57",
        "object_id": "32",
        "change_message": "Changed first_name and last_name.",
        "user": 1,
        "content_type": 3
    },
    "model": "admin.logentry",
    "pk": 128
},
{
    "fields": {
        "action_flag": 1,
        "action_time": "2014-10-27T14:57:23",
        "object_repr": "THUILLIER Thierry",
        "object_id": "32",
        "change_message": "",
        "user": 1,
        "content_type": 10
    },
    "model": "admin.logentry",
    "pk": 129
},
{
    "fields": {
        "action_flag": 1,
        "action_time": "2014-10-27T15:56:15",
        "object_repr": "ST30363",
        "object_id": "33",
        "change_message": "",
        "user": 1,
        "content_type": 3
    },
    "model": "admin.logentry",
    "pk": 130
},
{
    "fields": {
        "action_flag": 2,
        "action_time": "2014-10-27T15:56:27",
        "object_repr": "ST30363",
        "object_id": "33",
        "change_message": "Changed first_name and last_name.",
        "user": 1,
        "content_type": 3
    },
    "model": "admin.logentry",
    "pk": 131
},
{
    "fields": {
        "action_flag": 1,
        "action_time": "2014-10-27T15:56:46",
        "object_repr": "SARDA Guillaume",
        "object_id": "33",
        "change_message": "",
        "user": 1,
        "content_type": 10
    },
    "model": "admin.logentry",
    "pk": 132
},
{
    "fields": {
        "action_flag": 1,
        "action_time": "2014-10-27T17:51:13",
        "object_repr": "NG0CEA1",
        "object_id": "34",
        "change_message": "",
        "user": 1,
        "content_type": 3
    },
    "model": "admin.logentry",
    "pk": 133
},
{
    "fields": {
        "action_flag": 2,
        "action_time": "2014-10-27T17:51:39",
        "object_repr": "NG0CEA1",
        "object_id": "34",
        "change_message": "Changed first_name and last_name.",
        "user": 1,
        "content_type": 3
    },
    "model": "admin.logentry",
    "pk": 134
},
{
    "fields": {
        "action_flag": 1,
        "action_time": "2014-10-27T17:52:01",
        "object_repr": "ROBIN Brice",
        "object_id": "34",
        "change_message": "",
        "user": 1,
        "content_type": 10
    },
    "model": "admin.logentry",
    "pk": 135
},
{
    "fields": {
        "action_flag": 1,
        "action_time": "2014-10-28T10:18:52",
        "object_repr": "ST22017",
        "object_id": "35",
        "change_message": "",
        "user": 1,
        "content_type": 3
    },
    "model": "admin.logentry",
    "pk": 136
},
{
    "fields": {
        "action_flag": 2,
        "action_time": "2014-10-28T10:19:04",
        "object_repr": "ST22017",
        "object_id": "35",
        "change_message": "Changed first_name and last_name.",
        "user": 1,
        "content_type": 3
    },
    "model": "admin.logentry",
    "pk": 137
},
{
    "fields": {
        "action_flag": 1,
        "action_time": "2014-10-28T10:19:20",
        "object_repr": "OLIVIER Odile",
        "object_id": "35",
        "change_message": "",
        "user": 1,
        "content_type": 10
    },
    "model": "admin.logentry",
    "pk": 138
},
{
    "fields": {
        "action_flag": 1,
        "action_time": "2014-10-28T10:20:34",
        "object_repr": "ST19830",
        "object_id": "36",
        "change_message": "",
        "user": 1,
        "content_type": 3
    },
    "model": "admin.logentry",
    "pk": 139
},
{
    "fields": {
        "action_flag": 2,
        "action_time": "2014-10-28T10:20:47",
        "object_repr": "ST19830",
        "object_id": "36",
        "change_message": "Changed first_name and last_name.",
        "user": 1,
        "content_type": 3
    },
    "model": "admin.logentry",
    "pk": 140
},
{
    "fields": {
        "action_flag": 1,
        "action_time": "2014-10-28T10:21:06",
        "object_repr": "GOUAZE Caroline",
        "object_id": "36",
        "change_message": "",
        "user": 1,
        "content_type": 10
    },
    "model": "admin.logentry",
    "pk": 141
},
{
    "fields": {
        "action_flag": 1,
        "action_time": "2014-10-28T10:57:45",
        "object_repr": "Anticipation",
        "object_id": "A",
        "change_message": "",
        "user": 1,
        "content_type": 31
    },
    "model": "admin.logentry",
    "pk": 142
},
{
    "fields": {
        "action_flag": 1,
        "action_time": "2014-10-28T10:58:18",
        "object_repr": "Cancelled",
        "object_id": "C",
        "change_message": "",
        "user": 1,
        "content_type": 31
    },
    "model": "admin.logentry",
    "pk": 143
},
{
    "fields": {
        "action_flag": 1,
        "action_time": "2014-10-28T10:58:45",
        "object_repr": "Validated",
        "object_id": "V",
        "change_message": "",
        "user": 1,
        "content_type": 31
    },
    "model": "admin.logentry",
    "pk": 144
},
{
    "fields": {
        "action_flag": 1,
        "action_time": "2014-10-28T10:58:58",
        "object_repr": "Fully Staffed",
        "object_id": "S",
        "change_message": "",
        "user": 1,
        "content_type": 31
    },
    "model": "admin.logentry",
    "pk": 145
},
{
    "fields": {
        "action_flag": 2,
        "action_time": "2014-10-28T10:59:27",
        "object_repr": "Fully Staffed",
        "object_id": "S",
        "change_message": "Changed css_class.",
        "user": 1,
        "content_type": 31
    },
    "model": "admin.logentry",
    "pk": 146
},
{
    "fields": {
        "action_flag": 1,
        "action_time": "2014-10-28T16:58:52",
        "object_repr": "ST03149",
        "object_id": "37",
        "change_message": "",
        "user": 1,
        "content_type": 3
    },
    "model": "admin.logentry",
    "pk": 147
},
{
    "fields": {
        "action_flag": 2,
        "action_time": "2014-10-28T16:59:02",
        "object_repr": "ST03149",
        "object_id": "37",
        "change_message": "Changed first_name and last_name.",
        "user": 1,
        "content_type": 3
    },
    "model": "admin.logentry",
    "pk": 148
},
{
    "fields": {
        "action_flag": 1,
        "action_time": "2014-10-28T16:59:21",
        "object_repr": "PADILLA Pierre",
        "object_id": "37",
        "change_message": "",
        "user": 1,
        "content_type": 10
    },
    "model": "admin.logentry",
    "pk": 149
},
{
    "fields": {
        "action_flag": 1,
        "action_time": "2014-10-29T09:48:03",
        "object_repr": "NG1039E",
        "object_id": "38",
        "change_message": "",
        "user": 1,
        "content_type": 3
    },
    "model": "admin.logentry",
    "pk": 150
},
{
    "fields": {
        "action_flag": 2,
        "action_time": "2014-10-29T09:48:12",
        "object_repr": "NG1039E",
        "object_id": "38",
        "change_message": "Changed first_name and last_name.",
        "user": 1,
        "content_type": 3
    },
    "model": "admin.logentry",
    "pk": 151
},
{
    "fields": {
        "action_flag": 1,
        "action_time": "2014-10-29T09:48:55",
        "object_repr": "TAVERNIER R\u00e9mi",
        "object_id": "38",
        "change_message": "",
        "user": 1,
        "content_type": 10
    },
    "model": "admin.logentry",
    "pk": 152
},
{
    "fields": {
        "action_flag": 1,
        "action_time": "2014-10-29T13:50:19",
        "object_repr": "ST12016",
        "object_id": "39",
        "change_message": "",
        "user": 1,
        "content_type": 3
    },
    "model": "admin.logentry",
    "pk": 153
},
{
    "fields": {
        "action_flag": 2,
        "action_time": "2014-10-29T13:50:27",
        "object_repr": "ST12016",
        "object_id": "39",
        "change_message": "Changed first_name and last_name.",
        "user": 1,
        "content_type": 3
    },
    "model": "admin.logentry",
    "pk": 154
},
{
    "fields": {
        "action_flag": 1,
        "action_time": "2014-10-29T13:50:57",
        "object_repr": "BEZON Dominique",
        "object_id": "39",
        "change_message": "",
        "user": 1,
        "content_type": 10
    },
    "model": "admin.logentry",
    "pk": 155
},
{
    "fields": {
        "action_flag": 1,
        "action_time": "2014-10-29T13:52:00",
        "object_repr": "TH62A7",
        "object_id": "40",
        "change_message": "",
        "user": 1,
        "content_type": 3
    },
    "model": "admin.logentry",
    "pk": 156
},
{
    "fields": {
        "action_flag": 2,
        "action_time": "2014-10-29T13:52:10",
        "object_repr": "TH62A7",
        "object_id": "40",
        "change_message": "Changed first_name and last_name.",
        "user": 1,
        "content_type": 3
    },
    "model": "admin.logentry",
    "pk": 157
},
{
    "fields": {
        "action_flag": 1,
        "action_time": "2014-10-29T13:52:33",
        "object_repr": "BLETZ Hans-J\u00fcrgen",
        "object_id": "40",
        "change_message": "",
        "user": 1,
        "content_type": 10
    },
    "model": "admin.logentry",
    "pk": 158
},
{
    "fields": {
        "action_flag": 1,
        "action_time": "2014-10-29T13:53:45",
        "object_repr": "THE1K4",
        "object_id": "41",
        "change_message": "",
        "user": 1,
        "content_type": 3
    },
    "model": "admin.logentry",
    "pk": 159
},
{
    "fields": {
        "action_flag": 2,
        "action_time": "2014-10-29T13:53:57",
        "object_repr": "THE1K4",
        "object_id": "41",
        "change_message": "Changed first_name and last_name.",
        "user": 1,
        "content_type": 3
    },
    "model": "admin.logentry",
    "pk": 160
},
{
    "fields": {
        "action_flag": 1,
        "action_time": "2014-10-29T13:54:28",
        "object_repr": "KUTTIG Detlef",
        "object_id": "41",
        "change_message": "",
        "user": 1,
        "content_type": 10
    },
    "model": "admin.logentry",
    "pk": 161
},
{
    "fields": {
        "action_flag": 1,
        "action_time": "2014-10-29T13:56:25",
        "object_repr": "THB2PC",
        "object_id": "42",
        "change_message": "",
        "user": 1,
        "content_type": 3
    },
    "model": "admin.logentry",
    "pk": 162
},
{
    "fields": {
        "action_flag": 2,
        "action_time": "2014-10-29T13:56:32",
        "object_repr": "THB2PC",
        "object_id": "42",
        "change_message": "Changed first_name and last_name.",
        "user": 1,
        "content_type": 3
    },
    "model": "admin.logentry",
    "pk": 163
},
{
    "fields": {
        "action_flag": 1,
        "action_time": "2014-10-29T13:57:00",
        "object_repr": "SCHEFFEL Peter",
        "object_id": "42",
        "change_message": "",
        "user": 1,
        "content_type": 10
    },
    "model": "admin.logentry",
    "pk": 164
},
{
    "fields": {
        "action_flag": 1,
        "action_time": "2014-10-29T13:58:08",
        "object_repr": "THA25K",
        "object_id": "43",
        "change_message": "",
        "user": 1,
        "content_type": 3
    },
    "model": "admin.logentry",
    "pk": 165
},
{
    "fields": {
        "action_flag": 2,
        "action_time": "2014-10-29T13:58:21",
        "object_repr": "THA25K",
        "object_id": "43",
        "change_message": "Changed first_name and last_name.",
        "user": 1,
        "content_type": 3
    },
    "model": "admin.logentry",
    "pk": 166
},
{
    "fields": {
        "action_flag": 1,
        "action_time": "2014-10-29T13:58:48",
        "object_repr": "SCHNEIDER Christine-Marie",
        "object_id": "43",
        "change_message": "",
        "user": 1,
        "content_type": 10
    },
    "model": "admin.logentry",
    "pk": 167
},
{
    "fields": {
        "action_flag": 1,
        "action_time": "2014-10-29T14:28:25",
        "object_repr": "ST01394",
        "object_id": "44",
        "change_message": "",
        "user": 1,
        "content_type": 3
    },
    "model": "admin.logentry",
    "pk": 168
},
{
    "fields": {
        "action_flag": 2,
        "action_time": "2014-10-29T14:28:36",
        "object_repr": "ST01394",
        "object_id": "44",
        "change_message": "Changed first_name and last_name.",
        "user": 1,
        "content_type": 3
    },
    "model": "admin.logentry",
    "pk": 169
},
{
    "fields": {
        "action_flag": 1,
        "action_time": "2014-10-29T14:29:24",
        "object_repr": "STRICKLER Alexandre",
        "object_id": "44",
        "change_message": "",
        "user": 1,
        "content_type": 10
    },
    "model": "admin.logentry",
    "pk": 170
},
{
    "fields": {
        "action_flag": 1,
        "action_time": "2014-11-04T14:03:38",
        "object_repr": "TH62CH",
        "object_id": "45",
        "change_message": "",
        "user": 1,
        "content_type": 3
    },
    "model": "admin.logentry",
    "pk": 171
},
{
    "fields": {
        "action_flag": 2,
        "action_time": "2014-11-04T14:03:54",
        "object_repr": "TH62CH",
        "object_id": "45",
        "change_message": "Changed first_name and last_name.",
        "user": 1,
        "content_type": 3
    },
    "model": "admin.logentry",
    "pk": 172
},
{
    "fields": {
        "action_flag": 1,
        "action_time": "2014-11-04T14:06:30",
        "object_repr": "SCHOLZ Christian",
        "object_id": "46",
        "change_message": "",
        "user": 1,
        "content_type": 10
    },
    "model": "admin.logentry",
    "pk": 173
},
{
    "fields": {
        "action_flag": 1,
        "action_time": "2014-11-05T10:17:24",
        "object_repr": "ST22031",
        "object_id": "46",
        "change_message": "",
        "user": 1,
        "content_type": 3
    },
    "model": "admin.logentry",
    "pk": 174
},
{
    "fields": {
        "action_flag": 2,
        "action_time": "2014-11-05T10:17:34",
        "object_repr": "ST22031",
        "object_id": "46",
        "change_message": "Changed first_name and last_name.",
        "user": 1,
        "content_type": 3
    },
    "model": "admin.logentry",
    "pk": 175
},
{
    "fields": {
        "action_flag": 1,
        "action_time": "2014-11-05T10:18:09",
        "object_repr": "LABORIE St\u00e9phane",
        "object_id": "47",
        "change_message": "",
        "user": 1,
        "content_type": 10
    },
    "model": "admin.logentry",
    "pk": 176
},
{
    "fields": {
        "action_flag": 1,
        "action_time": "2014-11-05T10:27:39",
        "object_repr": "NG161B1",
        "object_id": "47",
        "change_message": "",
        "user": 1,
        "content_type": 3
    },
    "model": "admin.logentry",
    "pk": 177
},
{
    "fields": {
        "action_flag": 2,
        "action_time": "2014-11-05T10:29:11",
        "object_repr": "NG161B1",
        "object_id": "47",
        "change_message": "Changed first_name and last_name.",
        "user": 1,
        "content_type": 3
    },
    "model": "admin.logentry",
    "pk": 178
},
{
    "fields": {
        "action_flag": 1,
        "action_time": "2014-11-05T10:29:57",
        "object_repr": "BRIN Eric",
        "object_id": "48",
        "change_message": "",
        "user": 1,
        "content_type": 10
    },
    "model": "admin.logentry",
    "pk": 179
},
{
    "fields": {
        "action_flag": 2,
        "action_time": "2014-11-05T14:36:01",
        "object_repr": "BALDET Thomas",
        "object_id": "17",
        "change_message": "Changed category.",
        "user": 1,
        "content_type": 10
    },
    "model": "admin.logentry",
    "pk": 180
},
{
    "fields": {
        "action_flag": 2,
        "action_time": "2014-11-05T14:36:34",
        "object_repr": "BARRE Alan",
        "object_id": "10",
        "change_message": "Changed category.",
        "user": 1,
        "content_type": 10
    },
    "model": "admin.logentry",
    "pk": 181
},
{
    "fields": {
        "action_flag": 2,
        "action_time": "2014-11-05T14:36:54",
        "object_repr": "BERGERON Florian",
        "object_id": "23",
        "change_message": "Changed category.",
        "user": 1,
        "content_type": 10
    },
    "model": "admin.logentry",
    "pk": 182
},
{
    "fields": {
        "action_flag": 2,
        "action_time": "2014-11-05T14:37:11",
        "object_repr": "BERTIN Christl",
        "object_id": "22",
        "change_message": "Changed category.",
        "user": 1,
        "content_type": 10
    },
    "model": "admin.logentry",
    "pk": 183
},
{
    "fields": {
        "action_flag": 2,
        "action_time": "2014-11-05T14:37:40",
        "object_repr": "BEZON Dominique",
        "object_id": "39",
        "change_message": "Changed category.",
        "user": 1,
        "content_type": 10
    },
    "model": "admin.logentry",
    "pk": 184
},
{
    "fields": {
        "action_flag": 2,
        "action_time": "2014-11-05T14:38:18",
        "object_repr": "BROTZKI Florian",
        "object_id": "2",
        "change_message": "Changed category.",
        "user": 1,
        "content_type": 10
    },
    "model": "admin.logentry",
    "pk": 185
},
{
    "fields": {
        "action_flag": 2,
        "action_time": "2014-11-05T14:38:38",
        "object_repr": "CHAMBRON Bruno",
        "object_id": "11",
        "change_message": "Changed status and category.",
        "user": 1,
        "content_type": 10
    },
    "model": "admin.logentry",
    "pk": 186
},
{
    "fields": {
        "action_flag": 2,
        "action_time": "2014-11-05T14:39:41",
        "object_repr": "DEMANGE Florian",
        "object_id": "28",
        "change_message": "Changed category.",
        "user": 1,
        "content_type": 10
    },
    "model": "admin.logentry",
    "pk": 187
},
{
    "fields": {
        "action_flag": 2,
        "action_time": "2014-11-05T14:39:55",
        "object_repr": "DEMARS Diane",
        "object_id": "29",
        "change_message": "Changed category.",
        "user": 1,
        "content_type": 10
    },
    "model": "admin.logentry",
    "pk": 188
},
{
    "fields": {
        "action_flag": 2,
        "action_time": "2014-11-05T14:49:44",
        "object_repr": "ESPIAU Lo\u00efc",
        "object_id": "14",
        "change_message": "Changed category.",
        "user": 1,
        "content_type": 10
    },
    "model": "admin.logentry",
    "pk": 189
},
{
    "fields": {
        "action_flag": 2,
        "action_time": "2014-11-05T14:50:46",
        "object_repr": "GANTIE C\u00e9line",
        "object_id": "21",
        "change_message": "Changed category.",
        "user": 1,
        "content_type": 10
    },
    "model": "admin.logentry",
    "pk": 190
},
{
    "fields": {
        "action_flag": 2,
        "action_time": "2014-11-05T14:51:13",
        "object_repr": "GOUAZE Caroline",
        "object_id": "36",
        "change_message": "Changed category.",
        "user": 1,
        "content_type": 10
    },
    "model": "admin.logentry",
    "pk": 191
},
{
    "fields": {
        "action_flag": 2,
        "action_time": "2014-11-05T14:52:05",
        "object_repr": "HAUSEN Christoph",
        "object_id": "6",
        "change_message": "Changed category.",
        "user": 1,
        "content_type": 10
    },
    "model": "admin.logentry",
    "pk": 192
},
{
    "fields": {
        "action_flag": 2,
        "action_time": "2014-11-05T14:52:41",
        "object_repr": "KUTTIG Detlef",
        "object_id": "41",
        "change_message": "Changed category.",
        "user": 1,
        "content_type": 10
    },
    "model": "admin.logentry",
    "pk": 193
},
{
    "fields": {
        "action_flag": 2,
        "action_time": "2014-11-05T14:53:23",
        "object_repr": "LAVAL Marie",
        "object_id": "13",
        "change_message": "Changed category.",
        "user": 1,
        "content_type": 10
    },
    "model": "admin.logentry",
    "pk": 194
},
{
    "fields": {
        "action_flag": 2,
        "action_time": "2014-11-05T14:55:51",
        "object_repr": "FOURCADE S\u00e9bastien",
        "object_id": "24",
        "change_message": "Changed category.",
        "user": 1,
        "content_type": 10
    },
    "model": "admin.logentry",
    "pk": 195
},
{
    "fields": {
        "action_flag": 3,
        "action_time": "2014-11-05T14:56:02",
        "object_repr": "FOURCADE Sebastien",
        "object_id": "121",
        "change_message": "",
        "user": 1,
        "content_type": 10
    },
    "model": "admin.logentry",
    "pk": 196
},
{
    "fields": {
        "action_flag": 3,
        "action_time": "2014-11-05T14:56:44",
        "object_repr": "ST50101",
        "object_id": "374",
        "change_message": "",
        "user": 1,
        "content_type": 3
    },
    "model": "admin.logentry",
    "pk": 197
},
{
    "fields": {
        "action_flag": 2,
        "action_time": "2014-11-05T14:57:16",
        "object_repr": "NOUGAROLIS Fabrice",
        "object_id": "12",
        "change_message": "Changed category.",
        "user": 1,
        "content_type": 10
    },
    "model": "admin.logentry",
    "pk": 198
},
{
    "fields": {
        "action_flag": 2,
        "action_time": "2014-11-05T14:57:36",
        "object_repr": "OEZCETIN B\u00fclent",
        "object_id": "9",
        "change_message": "Changed category.",
        "user": 1,
        "content_type": 10
    },
    "model": "admin.logentry",
    "pk": 199
},
{
    "fields": {
        "action_flag": 2,
        "action_time": "2014-11-05T14:58:00",
        "object_repr": "OLIVIER Odile",
        "object_id": "35",
        "change_message": "Changed category.",
        "user": 1,
        "content_type": 10
    },
    "model": "admin.logentry",
    "pk": 200
},
{
    "fields": {
        "action_flag": 2,
        "action_time": "2014-11-05T14:58:18",
        "object_repr": "PADILLA Pierre",
        "object_id": "37",
        "change_message": "Changed category.",
        "user": 1,
        "content_type": 10
    },
    "model": "admin.logentry",
    "pk": 201
},
{
    "fields": {
        "action_flag": 2,
        "action_time": "2014-11-05T14:58:42",
        "object_repr": "PERPERE Etienne",
        "object_id": "18",
        "change_message": "Changed category.",
        "user": 1,
        "content_type": 10
    },
    "model": "admin.logentry",
    "pk": 202
},
{
    "fields": {
        "action_flag": 2,
        "action_time": "2014-11-05T14:59:00",
        "object_repr": "PONS Guilhem",
        "object_id": "5",
        "change_message": "Changed category.",
        "user": 1,
        "content_type": 10
    },
    "model": "admin.logentry",
    "pk": 203
},
{
    "fields": {
        "action_flag": 2,
        "action_time": "2014-11-05T14:59:20",
        "object_repr": "REICHLE Rafael",
        "object_id": "3",
        "change_message": "Changed category.",
        "user": 1,
        "content_type": 10
    },
    "model": "admin.logentry",
    "pk": 204
},
{
    "fields": {
        "action_flag": 2,
        "action_time": "2014-11-05T14:59:38",
        "object_repr": "RICHIR Guillaume",
        "object_id": "30",
        "change_message": "Changed category.",
        "user": 1,
        "content_type": 10
    },
    "model": "admin.logentry",
    "pk": 205
},
{
    "fields": {
        "action_flag": 2,
        "action_time": "2014-11-05T14:59:52",
        "object_repr": "RICHIR Matthieu",
        "object_id": "31",
        "change_message": "Changed category.",
        "user": 1,
        "content_type": 10
    },
    "model": "admin.logentry",
    "pk": 206
},
{
    "fields": {
        "action_flag": 2,
        "action_time": "2014-11-05T15:00:17",
        "object_repr": "ROBIN Brice",
        "object_id": "34",
        "change_message": "Changed category.",
        "user": 1,
        "content_type": 10
    },
    "model": "admin.logentry",
    "pk": 207
},
{
    "fields": {
        "action_flag": 2,
        "action_time": "2014-11-05T15:05:39",
        "object_repr": "RUPIL Damien",
        "object_id": "26",
        "change_message": "Changed category.",
        "user": 1,
        "content_type": 10
    },
    "model": "admin.logentry",
    "pk": 208
},
{
    "fields": {
        "action_flag": 2,
        "action_time": "2014-11-05T15:05:55",
        "object_repr": "SARDA Guillaume",
        "object_id": "33",
        "change_message": "Changed category.",
        "user": 1,
        "content_type": 10
    },
    "model": "admin.logentry",
    "pk": 209
},
{
    "fields": {
        "action_flag": 2,
        "action_time": "2014-11-05T15:08:49",
        "object_repr": "SAVIGNY Olivier",
        "object_id": "25",
        "change_message": "Changed category.",
        "user": 1,
        "content_type": 10
    },
    "model": "admin.logentry",
    "pk": 210
},
{
    "fields": {
        "action_flag": 2,
        "action_time": "2014-11-05T15:09:25",
        "object_repr": "SERY Kevin",
        "object_id": "27",
        "change_message": "Changed category.",
        "user": 1,
        "content_type": 10
    },
    "model": "admin.logentry",
    "pk": 211
},
{
    "fields": {
        "action_flag": 3,
        "action_time": "2014-11-05T15:11:09",
        "object_repr": "SERY Kevin",
        "object_id": "237",
        "change_message": "",
        "user": 1,
        "content_type": 10
    },
    "model": "admin.logentry",
    "pk": 212
},
{
    "fields": {
        "action_flag": 2,
        "action_time": "2014-11-05T15:13:04",
        "object_repr": "SICARD Nicolas",
        "object_id": "19",
        "change_message": "Changed category.",
        "user": 1,
        "content_type": 10
    },
    "model": "admin.logentry",
    "pk": 213
},
{
    "fields": {
        "action_flag": 2,
        "action_time": "2014-11-05T15:13:26",
        "object_repr": "SOUHARCE J\u00e9r\u00f4me",
        "object_id": "15",
        "change_message": "Changed category.",
        "user": 1,
        "content_type": 10
    },
    "model": "admin.logentry",
    "pk": 214
},
{
    "fields": {
        "action_flag": 2,
        "action_time": "2014-11-05T15:13:50",
        "object_repr": "STRICKLER Alexandre",
        "object_id": "44",
        "change_message": "Changed category.",
        "user": 1,
        "content_type": 10
    },
    "model": "admin.logentry",
    "pk": 215
},
{
    "fields": {
        "action_flag": 2,
        "action_time": "2014-11-05T15:14:12",
        "object_repr": "TACHOIRES Matthieu",
        "object_id": "8",
        "change_message": "Changed category.",
        "user": 1,
        "content_type": 10
    },
    "model": "admin.logentry",
    "pk": 216
},
{
    "fields": {
        "action_flag": 2,
        "action_time": "2014-11-05T15:14:28",
        "object_repr": "TAVERNIER R\u00e9mi",
        "object_id": "38",
        "change_message": "Changed category.",
        "user": 1,
        "content_type": 10
    },
    "model": "admin.logentry",
    "pk": 217
},
{
    "fields": {
        "action_flag": 2,
        "action_time": "2014-11-05T15:14:47",
        "object_repr": "THUILLIER Thierry",
        "object_id": "32",
        "change_message": "Changed category.",
        "user": 1,
        "content_type": 10
    },
    "model": "admin.logentry",
    "pk": 218
},
{
    "fields": {
        "action_flag": 2,
        "action_time": "2014-11-05T15:15:01",
        "object_repr": "TOMAS Laurent",
        "object_id": "4",
        "change_message": "Changed category.",
        "user": 1,
        "content_type": 10
    },
    "model": "admin.logentry",
    "pk": 219
},
{
    "fields": {
        "action_flag": 2,
        "action_time": "2014-11-05T15:15:42",
        "object_repr": "SCHEFFEL Peter",
        "object_id": "42",
        "change_message": "Changed category.",
        "user": 1,
        "content_type": 10
    },
    "model": "admin.logentry",
    "pk": 220
},
{
    "fields": {
        "action_flag": 2,
        "action_time": "2014-11-05T15:15:52",
        "object_repr": "SCHNEIDER Christine-Marie",
        "object_id": "43",
        "change_message": "Changed category.",
        "user": 1,
        "content_type": 10
    },
    "model": "admin.logentry",
    "pk": 221
},
{
    "fields": {
        "action_flag": 3,
        "action_time": "2014-11-05T15:19:38",
        "object_repr": "NG41AF0",
        "object_id": "16",
        "change_message": "",
        "user": 1,
        "content_type": 3
    },
    "model": "admin.logentry",
    "pk": 222
},
{
    "fields": {
        "action_flag": 2,
        "action_time": "2014-11-05T15:48:20",
        "object_repr": "ST90304",
        "object_id": "498",
        "change_message": "Changed last_login and date_joined.",
        "user": 1,
        "content_type": 3
    },
    "model": "admin.logentry",
    "pk": 223
},
{
    "fields": {
        "action_flag": 2,
        "action_time": "2014-11-05T15:48:51",
        "object_repr": "ST90304",
        "object_id": "498",
        "change_message": "Changed password.",
        "user": 1,
        "content_type": 3
    },
    "model": "admin.logentry",
    "pk": 224
},
{
    "fields": {
        "action_flag": 1,
        "action_time": "2014-11-24T12:13:40",
        "object_repr": "st25783",
        "object_id": "558",
        "change_message": "",
        "user": 1,
        "content_type": 3
    },
    "model": "admin.logentry",
    "pk": 225
},
{
    "fields": {
        "action_flag": 2,
        "action_time": "2014-11-24T12:13:50",
        "object_repr": "st25783",
        "object_id": "558",
        "change_message": "Changed first_name and last_name.",
        "user": 1,
        "content_type": 3
    },
    "model": "admin.logentry",
    "pk": 226
},
{
    "fields": {
        "action_flag": 2,
        "action_time": "2014-12-04T11:34:55",
        "object_repr": "NG1F1B8",
        "object_id": "398",
        "change_message": "Changed last_login and date_joined.",
        "user": 1,
        "content_type": 3
    },
    "model": "admin.logentry",
    "pk": 227
},
{
    "fields": {
        "action_flag": 2,
        "action_time": "2014-12-04T11:35:12",
        "object_repr": "NG1F1B8",
        "object_id": "398",
        "change_message": "Changed password.",
        "user": 1,
        "content_type": 3
    },
    "model": "admin.logentry",
    "pk": 228
},
{
    "fields": {
        "action_flag": 2,
        "action_time": "2014-12-04T11:56:43",
        "object_repr": "HORSTMANN Olaf",
        "object_id": "145",
        "change_message": "Changed status.",
        "user": 1,
        "content_type": 10
    },
    "model": "admin.logentry",
    "pk": 229
},
{
    "fields": {
        "action_flag": 2,
        "action_time": "2014-12-04T12:00:59",
        "object_repr": "NG1F1B8",
        "object_id": "398",
        "change_message": "Changed email.",
        "user": 1,
        "content_type": 3
    },
    "model": "admin.logentry",
    "pk": 230
},
{
    "fields": {
        "action_flag": 2,
        "action_time": "2014-12-04T12:01:13",
        "object_repr": "NG1F1B8",
        "object_id": "398",
        "change_message": "Changed password.",
        "user": 1,
        "content_type": 3
    },
    "model": "admin.logentry",
    "pk": 231
},
{
    "fields": {
        "action_flag": 2,
        "action_time": "2014-12-04T14:01:32",
        "object_repr": "NG1F1B8",
        "object_id": "398",
        "change_message": "Changed is_active.",
        "user": 1,
        "content_type": 3
    },
    "model": "admin.logentry",
    "pk": 232
},
{
    "fields": {
        "action_flag": 1,
        "action_time": "2014-12-04T14:02:29",
        "object_repr": "ST36727",
        "object_id": "559",
        "change_message": "",
        "user": 1,
        "content_type": 3
    },
    "model": "admin.logentry",
    "pk": 233
},
{
    "fields": {
        "action_flag": 2,
        "action_time": "2014-12-04T14:02:40",
        "object_repr": "ST36727",
        "object_id": "559",
        "change_message": "Changed first_name and last_name.",
        "user": 1,
        "content_type": 3
    },
    "model": "admin.logentry",
    "pk": 234
},
{
    "fields": {
        "action_flag": 1,
        "action_time": "2014-12-04T14:03:07",
        "object_repr": "NELKIN Pierre",
        "object_id": "433",
        "change_message": "",
        "user": 1,
        "content_type": 10
    },
    "model": "admin.logentry",
    "pk": 235
},
{
    "fields": {
        "action_flag": 1,
        "action_time": "2015-01-12T14:28:15",
        "object_repr": "ng009ace",
        "object_id": "560",
        "change_message": "",
        "user": 1,
        "content_type": 3
    },
    "model": "admin.logentry",
    "pk": 236
},
{
    "fields": {
        "action_flag": 2,
        "action_time": "2015-01-12T14:28:37",
        "object_repr": "ng009ace",
        "object_id": "560",
        "change_message": "Changed first_name and last_name.",
        "user": 1,
        "content_type": 3
    },
    "model": "admin.logentry",
    "pk": 237
},
{
    "fields": {
        "action_flag": 1,
        "action_time": "2015-01-12T14:29:11",
        "object_repr": "PELLESCHI Laurence",
        "object_id": "434",
        "change_message": "",
        "user": 1,
        "content_type": 10
    },
    "model": "admin.logentry",
    "pk": 238
},
{
    "fields": {
        "action_flag": 2,
        "action_time": "2015-01-12T14:30:46",
        "object_repr": "ng009ace",
        "object_id": "560",
        "change_message": "Changed groups.",
        "user": 1,
        "content_type": 3
    },
    "model": "admin.logentry",
    "pk": 239
},
{
    "fields": {
        "action_flag": 1,
        "action_time": "2015-01-12T14:32:03",
        "object_repr": "ng1c5fe",
        "object_id": "561",
        "change_message": "",
        "user": 1,
        "content_type": 3
    },
    "model": "admin.logentry",
    "pk": 240
},
{
    "fields": {
        "action_flag": 2,
        "action_time": "2015-01-12T14:32:42",
        "object_repr": "ng1c5fe",
        "object_id": "561",
        "change_message": "Changed first_name, last_name and groups.",
        "user": 1,
        "content_type": 3
    },
    "model": "admin.logentry",
    "pk": 241
},
{
    "fields": {
        "action_flag": 3,
        "action_time": "2015-01-15T11:10:38",
        "object_repr": "Guillaume DE BURE: Testing comments...",
        "object_id": "3",
        "change_message": "",
        "user": 1,
        "content_type": 32
    },
    "model": "admin.logentry",
    "pk": 242
}
]
